"relative_path","bytes","sha256"
"01_datasets/marine_diesel_RAG_corpus_All_data.zip","5371114","197afe3c928c4f2e138e960ffe7c3b922786b87b1d5f8f250db39fb4ca9a63e2"
"01_datasets/Marine_Engine_Fault_Data_v1.zip","26538633","3fba7aa0c288ae1bc05383fb54bf67cbde209d61b26e3e811d4bc2f22f97442b"
"02_reports/MAIB_2013_Safety_Digest_lubrication_bearing_cases.pdf","7976027","88d9e40de2dd344b9a66d03a38b65ad32e91674d5d8a224c6a2065e17f9bb168"
"02_reports/MAIB_2016_Safety_Digest_generator_oil_fire.pdf","8937785","d0c306371aa292169afb3f7ecb38af5881117f473c2ed8752c6dfbde2b0cf653"
"02_reports/MAIB_2018_01_Windcat8_bearing_failure_fire.pdf","2115648","59ff21e5f01d50dc3c7a03873f0a355c50dcb8b1cefff84e22d6ea70c32a1864"
"02_reports/MAIB_2018_14_Wight_Sky_engine_bearing_fire.pdf","1926213","9f40c4c95441a9c77b7824b76fc88a4643b46247ac9e27ac19ade6bf32c3fe49"
"02_reports/MAIB_2021_02_Finlandia_Seaways_connecting_rod_failure.pdf","5592977","69f1fa62023584b23e6185e9efcd60c8820a5f9c4161703193e6cf57e945682e"
"02_reports/MAIB_2022_04_Wight_Sky_multiple_engine_failures.pdf","5431373","1ea5814cdb834151eaf4cc2d0b7af373903b6ad9fa4e729c3fca249996cbb4bc"
"02_reports/MAIB_2026_06_Spirit_of_Discovery_propulsion_loss.pdf","3149753","c3969b4481c6edb9a439e75c750cdbac1411bc0d08ca3c9a450638c6dd7c74dd"
"02_reports/MAIB_2026_10_Kommandor_Susan_generator_bearing_failure.pdf","983937","e9e739c4f94d3b95c972230410cb72e4440c5fac2dd01df012e373a439506bac"
"03_papers/2018_Marine_Diesel_Engine_Failure_Simulator.pdf","2733940","177968329803ca75a4fec9d79965f75a0955e0cbd222e08cb16b8b9ea088e881"
"03_papers/2024_Survey_Data_Driven_Fault_Diagnosis_Marine_Diesel_Engines.pdf","222174","b3fa17d7d3d24570c64cb196fabb9175bbbf3a27c7a2204a2155bf74c8972bcd"
"03_papers/2025_Marine_Diesel_Fault_Knowledge_Graph.pdf","3119641","fb2fee2d1c91b803a67a4e7e4e9e8656d18ada0ec35c77be1cb67bb368c32a93"
"03_papers/2026_Marine_Engine_Fault_Dataset.pdf","15026902","f1c8a4929508e59fb370e86bb6ce44eb6a1f49e678ad8375a23a51ae1a3a36f5"
"04_code_and_schemas/HFACS_KG_main.zip","52389","0674838a1c97ea313e45969b2cb2c2a291d413dc65ffebce08b2df3af1f20bc1"
"04_code_and_schemas/Marine_weak_thermal_fault_main.zip","79619","fc200dbf1ae70aca36cc2259db7e6c7a00ece94895b025385f5e79c0e88fb2c2"
"04_code_and_schemas/TSRF_main.zip","65810","06885504d0759fbceb7af256b7ad34c42a377be0dcfce514e9122bdd65fad8c8"
"downloads_tmp/invalid_2024_Data_Driven_Marine_Engine_Fault_Diagnosis.pdf","2981888","0a9efae7a4d32eace4d49d1f60c6a9f52fa0778d12bfff9754366a8c70ba3ad9"
