category,local_item,title,source_url,doi_or_id,license_or_reuse,primary_use,validation
reference_pdf,02_reports/MAN_SL2016_633_piston_rings_scuffing.pdf,MAN SL2016-633 hard-coated piston rings and liner scuffing,https://www.man-es.com/docs/default-source/service-letters/sl2016-633.pdf,MAN SL2016-633,Copyright manufacturer; local internal research; no public redistribution of full PDF,manufacturer_guidance,PDF parsed; 8 physical pages
reference_pdf,02_reports/MAN_SL2019_685_ring_coating_wear.pdf,MAN SL2019-685 condition-based overhaul of cermet piston rings,https://www.man-es.com/docs/default-source/service-letters/sl2019-685.pdf,MAN SL2019-685,Copyright manufacturer; local internal research; no public redistribution of full PDF,manufacturer_guidance,PDF parsed; 3 physical pages
reference_pdf,02_reports/MAN_SL2023_737_cylinder_lubrication.pdf,MAN SL2023-737 cylinder lubrication update,https://www.man-es.com/docs/default-source/service-letters/sl2023-737.pdf,MAN SL2023-737,Copyright manufacturer; local internal research; no public redistribution of full PDF,manufacturer_guidance,PDF parsed; 9 physical pages
reference_pdf,02_reports/MAN_SL2013_569_bearing_wear_monitoring.pdf,MAN SL2013-569 bearing wear monitoring and bearing seizure,https://www.man-es.com/docs/default-source/service-letters/sl2013-569.pdf,MAN SL2013-569,Copyright manufacturer; local internal research; no public redistribution of full PDF,manufacturer_guidance,PDF parsed; 4 physical pages
reference_pdf,02_reports/MAN_SL2017_654_torsional_damper.pdf,MAN SL2017-654 crankshaft torsional vibration damper,https://www.man-es.com/docs/default-source/service-letters/sl2017-654.pdf,MAN SL2017-654,Copyright manufacturer; local internal research; no public redistribution of full PDF,manufacturer_guidance,PDF parsed; 1 physical pages
reference_pdf,02_reports/MAN_SL2016_623_cooling_water.pdf,MAN SL2016-623 cooling water treatment and periodical testing,https://www.man-es.com/docs/default-source/service-letters/sl2016-623.pdf,MAN SL2016-623,Copyright manufacturer; local internal research; no public redistribution of full PDF,manufacturer_guidance,PDF parsed; 4 physical pages
reference_pdf,02_reports/MAN_main_engine_auxiliary_efficiency.pdf,MAN efficiency improvements main engine auxiliary systems,https://www.man-es.com/docs/default-source/document-sync/efficiency-improvements-main-engine-auxiliary-systems-eng.pdf,MAN auxiliary systems,Copyright manufacturer; local internal research; no public redistribution of full PDF,manufacturer_guidance,PDF parsed; 23 physical pages
reference_pdf,02_reports/STAMFORD_AGN040_winding_insulation.pdf,STAMFORD AGN040 winding insulation system,https://www.stamford-avk.com/sites/stamfordavk/files/AGNs/AGN-040_E-Winding-Insulation-System.pdf,AGN040,Copyright manufacturer; local internal research; no public redistribution of full PDF,manufacturer_guidance,PDF parsed; 9 physical pages
reference_pdf,02_reports/STAMFORD_AGN033_bearing_currents.pdf,STAMFORD AGN033 shaft bearing currents,https://www.stamford-avk.com/sites/stamfordavk/files/AGNs/AGN-033_C-Shaft-Bearing-Currents.pdf,AGN033,Copyright manufacturer; local internal research; no public redistribution of full PDF,manufacturer_guidance,PDF parsed; 4 physical pages
reference_pdf,02_reports/STAMFORD_AGN039_marine_shaft_generators.pdf,STAMFORD AGN039 marine shaft generators,https://www.stamford-avk.com/sites/stamfordavk/files/AGNs/AGN-039_C-Marine-Shaft-Generators.pdf,AGN039,Copyright manufacturer; local internal research; no public redistribution of full PDF,manufacturer_guidance,PDF parsed; 11 physical pages
reference_pdf,02_reports/STAMFORD_AGN235_torsional_analysis.pdf,STAMFORD AGN235 generating set torsional vibration analysis,https://www.stamford-avk.com/sites/stamfordavk/files/AGNs/AGN-235_A-Generating-Set-Assembly-Torsional-Vibration-Analysis.pdf,AGN235,Copyright manufacturer; local internal research; no public redistribution of full PDF,manufacturer_guidance,PDF parsed; 11 physical pages
reference_pdf,02_reports/STAMFORD_AGN232_coupling_arrangements.pdf,STAMFORD AGN232 generating set coupling arrangements,https://www.stamford-avk.com/sites/stamfordavk/files/AGNs/AGN-232_B-Generating-Set-Assembly-Coupling-Arrangements.pdf,AGN232,Copyright manufacturer; local internal research; no public redistribution of full PDF,manufacturer_guidance,PDF parsed; 8 physical pages
reference_pdf,02_reports/STAMFORD_AGN035_fault_protection.pdf,STAMFORD AGN035 overload fault protection and transient coupling torque,https://www.stamford-avk.com/sites/stamfordavk/files/AGNs/AGN-035_B-Overload-and-Fault-Protection.pdf,AGN035,Copyright manufacturer; local internal research; no public redistribution of full PDF,manufacturer_guidance,PDF parsed; 11 physical pages
reference_pdf,02_reports/STAMFORD_AGN076_alternator_bearings.pdf,STAMFORD AGN076 alternator bearings,https://www.stamford-avk.com/sites/stamfordavk/files/2024-04/AGN076_C.pdf,AGN076,Copyright manufacturer; local internal research; no public redistribution of full PDF,manufacturer_guidance,PDF parsed; 9 physical pages
reference_pdf,02_reports/Frontiers_2021_marine_converter_oscillations.pdf,Comparative Case Study on Oscillatory Behavior in Power Systems of Marine Vessels With High Power Converters,https://www.frontiersin.org/journals/energy-research/articles/10.3389/fenrg.2020.529756/pdf,10.3389/fenrg.2020.529756,CC BY; credit original authors and DOI,research_paper,PDF parsed; 14 physical pages
reference_pdf,02_reports/MAIB_2017_20_Hebrides_CPP_coupling.pdf,MAIB Hebrides CPP actuator coupling failure,https://assets.publishing.service.gov.uk/media/59b7ab1c40f0b61231e71a54/MAIBInvReport20_2017.pdf,MAIB 20/2017,OGL v3.0 except third-party material,field_report,PDF parsed; 38 physical pages
