id,source,relation,target,evidence_id,case_id,certainty,props
edge:001091b260b3062f,shipkg:dataset:1ceeb4cad6d8,HAS_CHANNEL,shipkg:sensor:e56c947d4ba2,ev:3341982540eaf56c,,reported,{}
edge:00d23d64eeab966b,shipkg:fault:2c644dcfc770,ASSOCIATED_WITH,shipkg:condition:ff44ed04fc9f,ev:1143f5b1ae869724,windcat8_port_engine_2017,probable,{}
edge:00e268c583920977,shipkg:case:1e6479e108d9,INVOLVES,shipkg:fault:2c644dcfc770,ev:5f282b514e870587,kommandor_susan_dg1_2025,reported,{}
edge:0194af9f6cddb0da,shipkg:case:d6e9f8f8ade2,INVOLVES,shipkg:cause:29f8307f5eed,ev:ed4a18d326cb49be,finlandia_seaways_me_2018,reported,{}
edge:01fc144895cef73d,shipkg:fault:a20cef558a0a,AFFECTS_COMPONENT,shipkg:component:2a19cfd5c18a,ev:45cb3bc7993a557f,wight_sky_me4_2018,reported,{}
edge:0282634add32d0ba,shipkg:run:265eab3b4373,TESTS_FAULT,shipkg:fault:0a5da1da4336,ev:19d72a1ed6647ccd,,reported,{}
edge:029449bcbefa2848,shipkg:symptom:d2a57b31e287,PROMPTS,shipkg:action:4a27034a0842,ev:a14d5a0a3ae37d97,windcat8_port_engine_2017,reported_action,{}
edge:0307cafb7e2f681b,shipkg:run:0a0b95755e65,AT_LOAD,shipkg:condition:6fc146bc433f,ev:79a139cd88957e11,,reported,{}
edge:037a4d071a6529c2,shipkg:dataset:1ceeb4cad6d8,HAS_CHANNEL,shipkg:sensor:e98fe7ad595f,ev:f5da26689774f64c,,reported,{}
edge:0454a6feb9b72426,shipkg:action:4f7d85454ee0,ADDRESSES,shipkg:condition:2ee58a9a8fad,ev:5e9ac17b88449c65,spirit_of_discovery_pods_2023,reported_action,{}
edge:060a43e64259ef1e,shipkg:dataset:1ceeb4cad6d8,HAS_CHANNEL,shipkg:sensor:0dfc0d5a19c5,ev:faf8d804f595ba6d,,reported,{}
edge:062801f83d96feec,shipkg:dataset:1ceeb4cad6d8,HAS_CHANNEL,shipkg:sensor:54ce9804e4f4,ev:84d6807ed9f68df0,,reported,{}
edge:06d907ccfb2fafcf,shipkg:dataset:1ceeb4cad6d8,HAS_CHANNEL,shipkg:sensor:427673f0da2d,ev:cb384ca96e3f30da,,reported,{}
edge:075d99bfeb060614,shipkg:dataset:710ea13e53ac,HAS_CASE,shipkg:observation:4cd2541cd04a,ev:26b16a38271f6b21,,reported,{}
edge:081a15901d300d4e,shipkg:dataset:1ceeb4cad6d8,HAS_RUN,shipkg:run:a54e4f2dfd8d,ev:234ecd08fe047445,,reported,{}
edge:08944f6f37ecd17d,shipkg:case:d6e9f8f8ade2,HAS_EQUIPMENT,shipkg:equipment:aea23b9943a4,ev:eb8d9ba0db21fede,finlandia_seaways_me_2018,reported,{}
edge:08f490051756c0e1,shipkg:case:d6e9f8f8ade2,IN_SYSTEM,shipkg:system:5d1dca19fd66,ev:eb8d9ba0db21fede,finlandia_seaways_me_2018,reported,{}
edge:097cdade9d0e4641,shipkg:symptom:ccae4eb65c57,PRECEDED,shipkg:fault:fee4df6aeb24,ev:5124f3b43ff47b3a,wight_sky_me2_2018,reported,{}
edge:0a24bd303dcf92da,shipkg:dataset:1ceeb4cad6d8,HAS_CHANNEL,shipkg:sensor:2ea813c04f69,ev:a7fb6cfa2c672a77,,reported,{}
edge:0a4f90ffd11313dc,shipkg:observation:0c0be039e775,HAS_RECOMMENDED_ACTION,shipkg:action:a153887f0b20,ev:51f2102546185648,,dataset_label,{}
edge:0bbcabb119a25f70,shipkg:dataset:1ceeb4cad6d8,HAS_CHANNEL,shipkg:sensor:ad2f7007e3fa,ev:94520316eda5367c,,reported,{}
edge:0e92ee66dde8b3d3,shipkg:fault:423cd9a63be0,LEADS_TO,shipkg:consequence:4016217446bf,ev:390711bc162bb6ce,kommandor_susan_dg1_2025,reported,{}
edge:0f4a666fd242e2a4,shipkg:fault:9b76a4f68834,LEADS_TO,shipkg:fault:fee4df6aeb24,ev:3ca79df2a0332a1a,wight_sky_me4_2018,reported,{}
edge:102a13c903708c04,shipkg:dataset:1ceeb4cad6d8,HAS_RUN,shipkg:run:a43d97ac9f94,ev:04e94cee9be565df,,reported,{}
edge:10b86056b2bc9afc,shipkg:observation:83cf859e3d48,HAS_RECOMMENDED_ACTION,shipkg:action:157f8a0199e8,ev:3ee08dc0eebc21a7,,dataset_label,{}
edge:11a1c3a31e11dad7,shipkg:observation:f5d747e68b69,HAS_RECOMMENDED_ACTION,shipkg:action:6667f1d39b0e,ev:596b2f398d646f0b,,dataset_label,{}
edge:11e5f29a1f7dfe4f,shipkg:case:00057f56fe39,INVOLVES,shipkg:cause:cf3cb78b47cf,ev:7407bf8cf7722325,wight_sky_me_2017,reported,{}
edge:11ef722062ee75f5,shipkg:case:00057f56fe39,INVOLVES,shipkg:fault:d047fdea9ee9,ev:dcba2393344bd01c,wight_sky_me_2017,reported,{}
edge:123deda463edf92b,shipkg:run:a54e4f2dfd8d,TESTS_FAULT,shipkg:fault:e03af5ed68c1,ev:234ecd08fe047445,,reported,{}
edge:12639aeeb7d3d60d,shipkg:case:187dc871fbd5,INVOLVES,shipkg:condition:2ee58a9a8fad,ev:9d2abeeb05ea44b5,spirit_of_discovery_pods_2023,reported,{}
edge:1274fdc0acb19045,shipkg:dataset:1ceeb4cad6d8,HAS_CHANNEL,shipkg:sensor:851db4d72803,ev:a642586c67899f4c,,reported,{}
edge:132a3aef440a9e86,shipkg:case:9792cd36162e,INVOLVES,shipkg:fault:8d2d73a67f71,ev:921221ff746c010e,windcat8_port_engine_2017,reported,{}
edge:15dbac98a016a502,shipkg:run:6c075208cdc0,TESTS_FAULT,shipkg:fault:3a609fe447a8,ev:9de953977942cbdf,,reported,{}
edge:1788d18b9c1165b1,shipkg:equipment:6cc9aa419de7,HAS_COMPONENT,shipkg:component:2a19cfd5c18a,ev:45cb3bc7993a557f,wight_sky_me4_2018,reported,{}
edge:1900f0977ec59f80,shipkg:case:187dc871fbd5,IN_SYSTEM,shipkg:system:dacba8b43ef4,ev:c3429f0fc22579e1,spirit_of_discovery_pods_2023,reported,{}
edge:192176bf64b44fd8,shipkg:fault:cdf116929c39,AFFECTS_COMPONENT,shipkg:component:160bdfff5e4e,ev:818a140783772a9b,spirit_of_discovery_pods_2023,reported,{}
edge:1933ff91eaa2eec3,shipkg:dataset:19e52eb49467,SHOWS_CONDITION,shipkg:fault:f343dfd71879,ev:0bf144357db6ee2f,,simulated,{}
edge:1a8d22464c3d1c3c,shipkg:condition:7fb8a1a33328,TRIGGERS,shipkg:fault:cdf116929c39,ev:91f76498fecf4e21,spirit_of_discovery_pods_2023,reported,{}
edge:1aca33edc46a1890,shipkg:dataset:19e52eb49467,SHOWS_CONDITION,shipkg:fault:530d40214e1a,ev:90e8ddf3d3b32d65,,simulated,{}
edge:1ae77cc39d2c3647,shipkg:run:ce8ec71106fb,AT_LOAD,shipkg:condition:6fc146bc433f,ev:f6bc70bef0a65cb3,,reported,{}
edge:1c226d729369d0f6,shipkg:case:9792cd36162e,INVOLVES,shipkg:symptom:d2a57b31e287,ev:caaf8005d66a8fbb,windcat8_port_engine_2017,reported,{}
edge:1c7edb137cc82c49,shipkg:fault:2c644dcfc770,AFFECTS_COMPONENT,shipkg:component:8052e7754d5f,ev:e32631e4946436ab,kommandor_susan_dg1_2025,reported,{}
edge:1d3a1552dbb0119f,shipkg:observation:36b9efa16da9,SHOWS_CONDITION,shipkg:fault:74505aa1776a,ev:44f19b4f5b32f488,,dataset_label,{}
edge:1d80047b2a112d94,shipkg:dataset:1ceeb4cad6d8,HAS_CHANNEL,shipkg:sensor:805edb9418c2,ev:22b5a08ec87b67c2,,reported,{}
edge:1e82921cb7781b48,shipkg:observation:fe8f810e77c8,HAS_RECOMMENDED_ACTION,shipkg:action:6667f1d39b0e,ev:18368950cc0f6b1b,,dataset_label,{}
edge:1fec1859e7634a15,shipkg:observation:f5d747e68b69,SHOWS_CONDITION,shipkg:fault:40fb093312a6,ev:596b2f398d646f0b,,dataset_label,{}
edge:2012e39a8ebe24ff,shipkg:observation:ec255ed61291,SHOWS_CONDITION,shipkg:fault:2fa5f2876bb5,ev:5350278460986ec7,,dataset_label,{}
edge:201dbbe3d7f97841,shipkg:dataset:710ea13e53ac,HAS_CASE,shipkg:observation:c07d705f633b,ev:9f5f82cce37a3aa9,,reported,{}
edge:215927f377f46931,shipkg:case:9792cd36162e,INVOLVES,shipkg:fault:2c644dcfc770,ev:caaf8005d66a8fbb,windcat8_port_engine_2017,reported,{}
edge:21aa538ccb186c35,shipkg:case:1e6479e108d9,INVOLVES,shipkg:condition:9e0b58e70948,ev:01e497b491874531,kommandor_susan_dg1_2025,reported,{}
edge:23d24efd05e23e3e,shipkg:condition:7a0e4d2405ef,REDUCES_EFFECTIVENESS_OF,shipkg:action:9fa28e4c4571,ev:e678a8a1bb3f1aec,windcat8_port_engine_2017,reported,{}
edge:24678dd0c27492bb,shipkg:case:1e6479e108d9,INVOLVES,shipkg:consequence:775549e4c085,ev:390711bc162bb6ce,kommandor_susan_dg1_2025,reported,{}
edge:2567df4a8d750e32,shipkg:fault:d005e46c6652,WORSENS,shipkg:consequence:7de07882b364,ev:a61057fac0fe1035,spirit_of_discovery_pods_2023,reported,{}
edge:256e1a9bbcedfe9b,shipkg:dataset:1ceeb4cad6d8,HAS_CHANNEL,shipkg:sensor:95cb7f8b5ea4,ev:e6812da5eb9545f3,,reported,{}
edge:26403b326b714b90,shipkg:dataset:1ceeb4cad6d8,HAS_RUN,shipkg:run:2c8ac4d016f4,ev:339fcaeb186a01d1,,reported,{}
edge:2739836792a3f6c1,shipkg:dataset:1ceeb4cad6d8,HAS_CHANNEL,shipkg:sensor:ba5f4c7a3eab,ev:e8941bdb9ca9e23d,,reported,{}
edge:275d59fbfcdac99f,shipkg:dataset:1ceeb4cad6d8,HAS_CHANNEL,shipkg:sensor:0acc03533547,ev:dbf929510c13652e,,reported,{}
edge:292a1e69ac584423,shipkg:dataset:19e52eb49467,SHOWS_CONDITION,shipkg:fault:f18d7fcb0838,ev:186ad5dbe0802ea5,,simulated,{}
edge:2a3c64ff89df3e30,shipkg:fault:c9a34bd46532,LEADS_TO,shipkg:fault:e97eee073fc6,ev:755b4102fd859a55,spirit_of_discovery_pods_2023,reported,{}
edge:2b009d7f31dff02d,shipkg:case:278d7572ef08,INVOLVES,shipkg:fault:a20cef558a0a,ev:a4a51bca0c30f80d,wight_sky_me4_2018,reported,{}
edge:2b331df2c1fbca59,shipkg:case:adf367a46f33,INVOLVES,shipkg:condition:2d805325d843,ev:26718cca28f9fc30,wight_sky_me2_2018,reported,{}
edge:2b6706f568793be1,shipkg:dataset:1ceeb4cad6d8,HAS_CHANNEL,shipkg:sensor:7e4664b82d74,ev:168ca21b8f311885,,reported,{}
edge:2d4ab44518b3d476,shipkg:dataset:1ceeb4cad6d8,HAS_CHANNEL,shipkg:sensor:5007e1617236,ev:c31d55ce6b8d61c0,,reported,{}
edge:2d66b2b8782ccd77,shipkg:fault:2c644dcfc770,LEADS_TO,shipkg:fault:423cd9a63be0,ev:cebfc2d1ae68389d,kommandor_susan_dg1_2025,probable,{}
edge:2dcda900a2edd521,shipkg:dataset:1ceeb4cad6d8,HAS_CHANNEL,shipkg:sensor:a6b570413502,ev:b2c4a9752de11bcb,,reported,{}
edge:2e10fd82cbcb1ef5,shipkg:fault:aba0717d72a0,AFFECTS_COMPONENT,shipkg:component:45c063af0c7c,ev:1637d85df75c53f0,wight_sky_me_2017,reported,{}
edge:2e9fac7b2910f282,shipkg:dataset:710ea13e53ac,HAS_CASE,shipkg:observation:fe8f810e77c8,ev:18368950cc0f6b1b,,reported,{}
edge:2efb30905f43e6ee,shipkg:observation:c07d705f633b,SHOWS_CONDITION,shipkg:fault:2c174651a93a,ev:9f5f82cce37a3aa9,,dataset_label,{}
edge:2f2a629e62f4e00e,shipkg:case:00057f56fe39,INVOLVES,shipkg:condition:19ae439543bd,ev:9094aa614ec060db,wight_sky_me_2017,reported,{}
edge:314f1984c1930931,shipkg:run:bd1a1e06b4eb,TESTS_FAULT,shipkg:fault:e03af5ed68c1,ev:879c069ed129535a,,reported,{}
edge:32526435fe30bfd2,shipkg:dataset:1ceeb4cad6d8,HAS_RUN,shipkg:run:c2058b46e618,ev:4369bc44687256ab,,reported,{}
edge:333bbb6be23ee224,shipkg:dataset:1ceeb4cad6d8,HAS_CHANNEL,shipkg:sensor:fd5659daf34f,ev:a4e5d5a35775ffd2,,reported,{}
edge:3387676e26c9f1cc,shipkg:vessel:fa10fa0f80d3,HAS_CASE,shipkg:case:278d7572ef08,ev:3ca79df2a0332a1a,wight_sky_me4_2018,reported,{}
edge:3540543d2a826525,shipkg:case:187dc871fbd5,INVOLVES,shipkg:fault:d005e46c6652,ev:bcc74e57d3088cc6,spirit_of_discovery_pods_2023,reported,{}
edge:356ae76177cbd32c,shipkg:dataset:710ea13e53ac,DOCUMENTED_BY,shipkg:source:5137a1994672,ev:1120bc83b6a7d3e0,,reported,{}
edge:35b4fc034e64a450,shipkg:dataset:1ceeb4cad6d8,HAS_CHANNEL,shipkg:sensor:75d18bcbb2d9,ev:cf549f4c47fda6b2,,reported,{}
edge:35c465c443d90f42,shipkg:dataset:1ceeb4cad6d8,HAS_CHANNEL,shipkg:sensor:421ec2313d7d,ev:1fc7eecec98c89b6,,reported,{}
edge:366e11a509d15229,shipkg:dataset:1ceeb4cad6d8,HAS_RUN,shipkg:run:a4c3017972ca,ev:1f2e716415ec2a7c,,reported,{}
edge:372f4d4cfd3bf6cd,shipkg:case:278d7572ef08,INVOLVES,shipkg:check:fa162d9e9a3f,ev:c74257f47f29e86a,wight_sky_me4_2018,reported,{}
edge:376720fbff4125a2,shipkg:dataset:1ceeb4cad6d8,HAS_RUN,shipkg:run:9969547fcdfa,ev:7d06646b52c25b16,,reported,{}
edge:3874928f0c540ca9,shipkg:dataset:6ab0788d235b,SHOWS_CONDITION,shipkg:fault:bebfb8cfc5f3,ev:74d8057daa5c6f01,,simulated,{}
edge:3884973f837051d2,shipkg:case:1e6479e108d9,HAS_EQUIPMENT,shipkg:equipment:49d861a78ba3,ev:01f3913bd9c46899,kommandor_susan_dg1_2025,reported,{}
edge:3aa989245b5650ef,shipkg:case:9792cd36162e,INVOLVES,shipkg:consequence:775549e4c085,ev:f55562c55772b4c1,windcat8_port_engine_2017,reported,{}
edge:3ce6740666ac6746,shipkg:action:b39684450af7,ADDRESSES,shipkg:condition:7fb8a1a33328,ev:808bd8d1dd9e51f9,spirit_of_discovery_pods_2023,reported_action,{}
edge:3d45893b3e5f37fb,shipkg:observation:5d48f4f61abd,SHOWS_CONDITION,shipkg:fault:18191226708b,ev:b935264465ef205c,,dataset_label,{}
edge:3dd5af79ed75a435,shipkg:run:0a0b95755e65,TESTS_FAULT,shipkg:fault:91dfc7218234,ev:79a139cd88957e11,,reported,{}
edge:3f169ae7c0bee360,shipkg:run:ce8ec71106fb,TESTS_FAULT,shipkg:fault:0e24c2957173,ev:f6bc70bef0a65cb3,,reported,{}
edge:4079815458cd42f4,shipkg:case:278d7572ef08,INVOLVES,shipkg:fault:9b76a4f68834,ev:1218b476bea8d173,wight_sky_me4_2018,reported,{}
edge:41c38630e54eb5b6,shipkg:fault:2c644dcfc770,AFFECTS_COMPONENT,shipkg:component:3552bc595328,ev:ff3253f5416e42be,windcat8_port_engine_2017,reported,{}
edge:41ca30b8f935e1bc,shipkg:fault:cdf116929c39,LEADS_TO,shipkg:fault:d005e46c6652,ev:bcc74e57d3088cc6,spirit_of_discovery_pods_2023,reported,{}
edge:42516587b10b039a,shipkg:equipment:563809ad0932,HAS_COMPONENT,shipkg:component:3552bc595328,ev:ff3253f5416e42be,windcat8_port_engine_2017,reported,{}
edge:4329884f77eb369a,shipkg:case:00057f56fe39,INVOLVES,shipkg:action:752d3ce3e403,ev:c2745665875d9964,wight_sky_me_2017,reported,{}
edge:43df28ae28a3fbbf,shipkg:dataset:1ceeb4cad6d8,HAS_CHANNEL,shipkg:sensor:8b403808fd55,ev:01f0c4c8cc7ce048,,reported,{}
edge:44e25149b87dbc84,shipkg:action:642ddc0bd6c5,ADDRESSES,shipkg:cause:29f8307f5eed,ev:c4dfa47c81f2ebb5,finlandia_seaways_me_2018,derived_action,{}
edge:44fec12dd8e5ffda,shipkg:dataset:710ea13e53ac,HAS_CASE,shipkg:observation:0c0be039e775,ev:51f2102546185648,,reported,{}
edge:45eb816cfdbcbdf9,shipkg:fault:d047fdea9ee9,LEADS_TO,shipkg:fault:fee4df6aeb24,ev:b10bdbaa38429105,wight_sky_me_2017,reported,{}
edge:46fa980554b1dcb7,shipkg:vessel:ce08d017f5c9,HAS_CASE,shipkg:case:9792cd36162e,ev:4e45851ecc9eb9f4,windcat8_port_engine_2017,reported,{}
edge:46fbc1fad6f5bc77,shipkg:condition:19ae439543bd,LIMITS_DETECTION_OF,shipkg:fault:5f59e6b3ca42,ev:9094aa614ec060db,wight_sky_me_2017,reported,{}
edge:474d7fcf6c9b1ef8,shipkg:observation:83cf859e3d48,SHOWS_CONDITION,shipkg:fault:cba0553c7db4,ev:3ee08dc0eebc21a7,,dataset_label,{}
edge:49f7e11530350ed5,shipkg:dataset:710ea13e53ac,HAS_CASE,shipkg:observation:36b9efa16da9,ev:44f19b4f5b32f488,,reported,{}
edge:4b7f6d0000ba8b85,shipkg:dataset:1ceeb4cad6d8,HAS_CHANNEL,shipkg:sensor:0d564da1d412,ev:6a459e615a3b0f50,,reported,{}
edge:4be6677a2fce9cc4,shipkg:dataset:1ceeb4cad6d8,HAS_CHANNEL,shipkg:sensor:9103d6c847ed,ev:d03c38ea8ee2eea4,,reported,{}
edge:4ce17dd1ba28fe38,shipkg:observation:5d48f4f61abd,HAS_RECOMMENDED_ACTION,shipkg:action:6667f1d39b0e,ev:b935264465ef205c,,dataset_label,{}
edge:4e94809cc83cc3af,shipkg:run:6b05eccd173f,TESTS_FAULT,shipkg:fault:91dfc7218234,ev:4a59b715e39bd236,,reported,{}
edge:4eedf3573d684193,shipkg:run:cd33f80ecd69,AT_LOAD,shipkg:condition:103a0ae5358b,ev:5ae484b55bc9bc82,,reported,{}
edge:4f987e939c176b16,shipkg:case:00057f56fe39,HAS_EQUIPMENT,shipkg:equipment:1755b4f618f2,ev:19d0b2283f62b511,wight_sky_me_2017,reported,{}
edge:4fa1a9255234d951,shipkg:fault:8d2d73a67f71,LEADS_TO,shipkg:consequence:775549e4c085,ev:f55562c55772b4c1,windcat8_port_engine_2017,reported,{}
edge:50217468aa7c2916,shipkg:dataset:1ceeb4cad6d8,HAS_RUN,shipkg:run:77a7092fcc4e,ev:70e667f09b8fc0d1,,reported,{}
edge:5044a5a20833e063,shipkg:run:a43d97ac9f94,TESTS_FAULT,shipkg:fault:0e24c2957173,ev:04e94cee9be565df,,reported,{}
edge:53899ce13cba2d7c,shipkg:run:a43d97ac9f94,AT_LOAD,shipkg:condition:1bf60bc6ecb7,ev:04e94cee9be565df,,reported,{}
edge:553116897a245486,shipkg:action:b1b278b9bbdd,ADDRESSES,shipkg:fault:d005e46c6652,ev:c7e7236b07b0d8d2,spirit_of_discovery_pods_2023,reported_action,{}
edge:55ad11a155cf1fdb,shipkg:observation:6bc49fd589cc,SHOWS_CONDITION,shipkg:fault:a7ebb889d098,ev:2c91ce63ed55748b,,dataset_label,{}
edge:561c285555c25a69,shipkg:cause:0b368a5a5869,LEADS_TO,shipkg:fault:a20cef558a0a,ev:a4a51bca0c30f80d,wight_sky_me4_2018,reported,{}
edge:57dbe6924d21326b,shipkg:equipment:aea23b9943a4,HAS_COMPONENT,shipkg:component:c3d265fa990c,ev:5e9210d8dbe9bf48,finlandia_seaways_me_2018,reported,{}
edge:595ef591f4214968,shipkg:dataset:1ceeb4cad6d8,HAS_CHANNEL,shipkg:sensor:8529d7e4c296,ev:40c03eeb43d8d524,,reported,{}
edge:5a4a453ccb62f51c,shipkg:dataset:1ceeb4cad6d8,HAS_CHANNEL,shipkg:sensor:5c7b83264f58,ev:942baa3ea69a9e36,,reported,{}
edge:5b6480e99d1e39fb,shipkg:dataset:1ceeb4cad6d8,HAS_CHANNEL,shipkg:sensor:1f391dbaad55,ev:03eb6a301e78c0bb,,reported,{}
edge:5c374fffb81cbd81,shipkg:observation:fe8f810e77c8,SHOWS_CONDITION,shipkg:fault:aea71a6801b6,ev:18368950cc0f6b1b,,dataset_label,{}
edge:5e7a6c288d988ead,shipkg:case:187dc871fbd5,HAS_EQUIPMENT,shipkg:equipment:710361995928,ev:c3429f0fc22579e1,spirit_of_discovery_pods_2023,reported,{}
edge:5ee1e01da6b9555d,shipkg:dataset:6ab0788d235b,SHOWS_CONDITION,shipkg:fault:9b3b274b4dbf,ev:74d8057daa5c6f01,,simulated,{}
edge:5f9cae20edd98540,shipkg:case:187dc871fbd5,INVOLVES,shipkg:condition:0a605c97371c,ev:9d2abeeb05ea44b5,spirit_of_discovery_pods_2023,reported,{}
edge:5fad3b66d088751f,shipkg:dataset:1ceeb4cad6d8,HAS_CHANNEL,shipkg:sensor:ccfc2a47cee5,ev:f6d35a82c4676820,,reported,{}
edge:5fc9dfa91d77c020,shipkg:fault:e97eee073fc6,AFFECTS_COMPONENT,shipkg:component:1157de5d43da,ev:e2523ed63e0b4019,spirit_of_discovery_pods_2023,reported,{}
edge:6004491261f8dd90,shipkg:case:9792cd36162e,INVOLVES,shipkg:condition:7a0e4d2405ef,ev:e678a8a1bb3f1aec,windcat8_port_engine_2017,reported,{}
edge:6028ca25550d0ff9,shipkg:run:9690a0157fb9,AT_LOAD,shipkg:condition:8f4ca3980ed8,ev:0fd78cc81d9681d2,,reported,{}
edge:60450c763db70e7c,shipkg:case:9792cd36162e,INVOLVES,shipkg:action:4a27034a0842,ev:a14d5a0a3ae37d97,windcat8_port_engine_2017,reported,{}
edge:62263a7850294b21,shipkg:run:6c075208cdc0,AT_LOAD,shipkg:condition:1bf60bc6ecb7,ev:9de953977942cbdf,,reported,{}
edge:62b14918a4163ca2,shipkg:observation:4cd2541cd04a,SHOWS_CONDITION,shipkg:fault:7d0ec41f122b,ev:26b16a38271f6b21,,dataset_label,{}
edge:62d57ee2f3704c0d,shipkg:dataset:1ceeb4cad6d8,HAS_RUN,shipkg:run:6b05eccd173f,ev:4a59b715e39bd236,,reported,{}
edge:63290134edaabcd8,shipkg:case:d6e9f8f8ade2,INVOLVES,shipkg:fault:4e2929b80b35,ev:ed4a18d326cb49be,finlandia_seaways_me_2018,reported,{}
edge:634131f76f12f441,shipkg:run:a4c3017972ca,TESTS_FAULT,shipkg:fault:0e24c2957173,ev:1f2e716415ec2a7c,,reported,{}
edge:637c1d14e0c603a6,shipkg:dataset:1ceeb4cad6d8,HAS_CHANNEL,shipkg:sensor:453069f73398,ev:8bfe43ad048fac31,,reported,{}
edge:63f50ee6c2328b58,shipkg:case:278d7572ef08,INVOLVES,shipkg:fault:fee4df6aeb24,ev:3ca79df2a0332a1a,wight_sky_me4_2018,reported,{}
edge:647dcdf90cfc8204,shipkg:case:1e6479e108d9,DOCUMENTED_BY,shipkg:source:159562b24735,ev:01f3913bd9c46899,kommandor_susan_dg1_2025,reported,{}
edge:64948e1ebd01df51,shipkg:dataset:1ceeb4cad6d8,HAS_CHANNEL,shipkg:sensor:65ae734da9ec,ev:400d60e3617603ce,,reported,{}
edge:64d0a22d1da79381,shipkg:case:adf367a46f33,DOCUMENTED_BY,shipkg:source:66b61e38c53f,ev:4846a9af2b7e6456,wight_sky_me2_2018,reported,{}
edge:657fc4209b73ad18,shipkg:dataset:710ea13e53ac,HAS_CASE,shipkg:observation:5d48f4f61abd,ev:b935264465ef205c,,reported,{}
edge:659bbf10be517468,shipkg:case:187dc871fbd5,INVOLVES,shipkg:fault:c9a34bd46532,ev:b6540313ab8acd21,spirit_of_discovery_pods_2023,reported,{}
edge:66cbe293a1e6d6cb,shipkg:action:984af3c3d6c8,ADDRESSES,shipkg:condition:6fa538170906,ev:1b6ee0d38c733128,kommandor_susan_dg1_2025,reported_action,{}
edge:689bc09d8ef4cf1e,shipkg:dataset:19e52eb49467,DOCUMENTED_BY,shipkg:source:29f30f85af55,ev:ab10a0554fdf6901,,reported,{}
edge:68dbd2748e6de55c,shipkg:vessel:db8f8f17b349,HAS_CASE,shipkg:case:d6e9f8f8ade2,ev:eb8d9ba0db21fede,finlandia_seaways_me_2018,reported,{}
edge:6985167100c8f387,shipkg:run:265eab3b4373,AT_LOAD,shipkg:condition:8752a78e143c,ev:19d72a1ed6647ccd,,reported,{}
edge:6a0c01b673ea0882,shipkg:case:adf367a46f33,INVOLVES,shipkg:check:f9cad3df2b98,ev:d8028bdc4d93a0c8,wight_sky_me2_2018,reported,{}
edge:6afbc52a8d356e95,shipkg:dataset:1ceeb4cad6d8,HAS_CHANNEL,shipkg:sensor:ae5a2be19a3b,ev:023a00d310521c01,,reported,{}
edge:6b58a4007c47e288,shipkg:dataset:1ceeb4cad6d8,HAS_CHANNEL,shipkg:sensor:28c98806fac8,ev:51021f36119ca0d4,,reported,{}
edge:6c3befd77e6fe6f6,shipkg:case:1e6479e108d9,INVOLVES,shipkg:action:984af3c3d6c8,ev:1b6ee0d38c733128,kommandor_susan_dg1_2025,reported,{}
edge:6d2b0bee1d6de6c7,shipkg:case:1e6479e108d9,INVOLVES,shipkg:check:1c503f83ef89,ev:1a0b3fbe432ab46d,kommandor_susan_dg1_2025,reported,{}
edge:6d7bd55a38b00562,shipkg:equipment:710361995928,HAS_COMPONENT,shipkg:component:1157de5d43da,ev:e2523ed63e0b4019,spirit_of_discovery_pods_2023,reported,{}
edge:6dfe9b41b6b14146,shipkg:case:1e6479e108d9,INVOLVES,shipkg:condition:9e280aeb615b,ev:1a0b3fbe432ab46d,kommandor_susan_dg1_2025,reported,{}
edge:6e209903c83a94e7,shipkg:case:187dc871fbd5,INVOLVES,shipkg:fault:cdf116929c39,ev:91f76498fecf4e21,spirit_of_discovery_pods_2023,reported,{}
edge:70aa583bbf239778,shipkg:case:187dc871fbd5,INVOLVES,shipkg:consequence:d1c468a6b34b,ev:166a2a0932391029,spirit_of_discovery_pods_2023,reported,{}
edge:70ec9bf53cd508a6,shipkg:dataset:1ceeb4cad6d8,HAS_CHANNEL,shipkg:sensor:e17885e7f77f,ev:a994c6251dbff16c,,reported,{}
edge:71c93c3028f0d7ae,shipkg:case:00057f56fe39,INVOLVES,shipkg:fault:fee4df6aeb24,ev:b10bdbaa38429105,wight_sky_me_2017,reported,{}
edge:71d804cba18cd5f9,shipkg:observation:0c0be039e775,SHOWS_CONDITION,shipkg:fault:e552cc02e03c,ev:51f2102546185648,,dataset_label,{}
edge:72203146f77ec8eb,shipkg:case:9792cd36162e,IN_SYSTEM,shipkg:system:5d1dca19fd66,ev:4e45851ecc9eb9f4,windcat8_port_engine_2017,reported,{}
edge:7295ba48ef93039c,shipkg:dataset:1ceeb4cad6d8,HAS_CHANNEL,shipkg:sensor:d07e7ed33e29,ev:99afa4fd2c7cca53,,reported,{}
edge:740e9eb1e7a243da,shipkg:cause:29f8307f5eed,INCREASES_RISK_OF,shipkg:fault:4e2929b80b35,ev:ed4a18d326cb49be,finlandia_seaways_me_2018,reported,{}
edge:740f05e54dc174ba,shipkg:run:77a7092fcc4e,TESTS_FAULT,shipkg:fault:91dfc7218234,ev:70e667f09b8fc0d1,,reported,{}
edge:7508d061b6587515,shipkg:dataset:1ceeb4cad6d8,HAS_CHANNEL,shipkg:sensor:baa3a7477b53,ev:ce3d007f69985f9f,,reported,{}
edge:756ee7ab786e2342,shipkg:dataset:1ceeb4cad6d8,HAS_CHANNEL,shipkg:sensor:09fb65289e45,ev:401af2b35a1b0e89,,reported,{}
edge:7571a5635e421ac3,shipkg:fault:2c644dcfc770,LEADS_TO,shipkg:fault:8d2d73a67f71,ev:921221ff746c010e,windcat8_port_engine_2017,reported,{}
edge:75841e23b89f0d54,shipkg:check:f9cad3df2b98,CHECKS,shipkg:cause:8a2abf94d478,ev:d8028bdc4d93a0c8,wight_sky_me2_2018,derived_action,{}
edge:75da217ae54634ea,shipkg:dataset:1ceeb4cad6d8,HAS_RUN,shipkg:run:ce8ec71106fb,ev:f6bc70bef0a65cb3,,reported,{}
edge:78663b40c46179a3,shipkg:fault:4e2929b80b35,AFFECTS_COMPONENT,shipkg:component:c3d265fa990c,ev:5e9210d8dbe9bf48,finlandia_seaways_me_2018,reported,{}
edge:789a40efbf94f045,shipkg:dataset:1ceeb4cad6d8,HAS_CHANNEL,shipkg:sensor:3a134554df66,ev:93774e70cf4f862f,,reported,{}
edge:78eb1892f1bf4469,shipkg:condition:a9a45fb680fd,INCREASES_SEVERITY_OF,shipkg:fault:fee4df6aeb24,ev:cf454850540d2ce6,wight_sky_me2_2018,reported,{}
edge:79cc156b4e7adb2e,shipkg:check:1c503f83ef89,CHECKS,shipkg:condition:6fa538170906,ev:1a0b3fbe432ab46d,kommandor_susan_dg1_2025,derived_action,{}
edge:79d4c4c8f1593b12,shipkg:equipment:61cd855f5970,HAS_COMPONENT,shipkg:component:be4ab56339d8,ev:0b7a42308cc8b6cc,wight_sky_me2_2018,reported,{}
edge:7a2bc0ec43b6d142,shipkg:dataset:19e52eb49467,SHOWS_CONDITION,shipkg:fault:825e44b518ef,ev:5f636d583be533fd,,simulated,{}
edge:7b9be00c22960658,shipkg:case:00057f56fe39,INVOLVES,shipkg:condition:e21862ad051d,ev:d2ddab6cf68a9801,wight_sky_me_2017,reported,{}
edge:7b9d6bca057b15ae,shipkg:symptom:601948a19d34,INDICATES,shipkg:cause:29f8307f5eed,ev:b2ab413559094e03,finlandia_seaways_me_2018,reported,{}
edge:7c222be8825bc855,shipkg:fault:fee4df6aeb24,LEADS_TO,shipkg:consequence:775549e4c085,ev:feb3c28c6560bd03,wight_sky_me_2017,reported,{}
edge:7d59998bfaf8fb98,shipkg:case:187dc871fbd5,INVOLVES,shipkg:condition:7fb8a1a33328,ev:91f76498fecf4e21,spirit_of_discovery_pods_2023,reported,{}
edge:7e9d424e9efc7234,shipkg:case:1e6479e108d9,IN_SYSTEM,shipkg:system:9bf053394931,ev:01f3913bd9c46899,kommandor_susan_dg1_2025,reported,{}
edge:7f08ab11206bc8bc,shipkg:case:adf367a46f33,INVOLVES,shipkg:fault:96cc1c0ff36e,ev:a67a93bfec361edf,wight_sky_me2_2018,reported,{}
edge:80d60dbbffd49fa6,shipkg:condition:9e280aeb615b,CONTRIBUTED_TO,shipkg:condition:6fa538170906,ev:1a0b3fbe432ab46d,kommandor_susan_dg1_2025,reported,{}
edge:8187c11f67a30611,shipkg:vessel:fa10fa0f80d3,HAS_CASE,shipkg:case:00057f56fe39,ev:19d0b2283f62b511,wight_sky_me_2017,reported,{}
edge:822894e4ee33d35c,shipkg:dataset:1ceeb4cad6d8,HAS_CHANNEL,shipkg:sensor:e9b442573c44,ev:0ee3d29721b3b421,,reported,{}
edge:822ca9633b38e4b4,shipkg:dataset:710ea13e53ac,HAS_CASE,shipkg:observation:abd23c68d1ce,ev:8e86a0b79553a259,,reported,{}
edge:8281fc7890092d08,shipkg:run:a54e4f2dfd8d,AT_LOAD,shipkg:condition:103a0ae5358b,ev:234ecd08fe047445,,reported,{}
edge:82e23e98294389fd,shipkg:dataset:1ceeb4cad6d8,DOCUMENTED_BY,shipkg:source:e12fe2e83b8d,ev:b44d9524e09bf0ac,,reported,{}
edge:83c25edbca1b855a,shipkg:case:d6e9f8f8ade2,INVOLVES,shipkg:fault:fee4df6aeb24,ev:53cb0d46e7e767ec,finlandia_seaways_me_2018,reported,{}
edge:85078bc503bba6b0,shipkg:run:0024b0cf204d,AT_LOAD,shipkg:condition:df365e2b0777,ev:64a3e1d72c1647d2,,reported,{}
edge:8607e2b32381e3c7,shipkg:run:6b05eccd173f,AT_LOAD,shipkg:condition:1bf60bc6ecb7,ev:4a59b715e39bd236,,reported,{}
edge:87f45fa93ed0eaf7,shipkg:observation:4cd2541cd04a,HAS_RECOMMENDED_ACTION,shipkg:action:cc44cd1c6032,ev:26b16a38271f6b21,,dataset_label,{}
edge:87f629c6df27074a,shipkg:case:1e6479e108d9,INVOLVES,shipkg:consequence:d1c468a6b34b,ev:96c615c53d3b0715,kommandor_susan_dg1_2025,reported,{}
edge:885d4b7ffa8db622,shipkg:run:77a7092fcc4e,AT_LOAD,shipkg:condition:df365e2b0777,ev:70e667f09b8fc0d1,,reported,{}
edge:8891c036cde74d94,shipkg:cause:cf3cb78b47cf,CONTRIBUTED_TO,shipkg:fault:aba0717d72a0,ev:7407bf8cf7722325,wight_sky_me_2017,probable,{}
edge:88ab1a090195de96,shipkg:case:278d7572ef08,HAS_EQUIPMENT,shipkg:equipment:6cc9aa419de7,ev:3ca79df2a0332a1a,wight_sky_me4_2018,reported,{}
edge:89354445a36570a7,shipkg:case:1e6479e108d9,INVOLVES,shipkg:action:16d3373950f9,ev:9225f4c20470527c,kommandor_susan_dg1_2025,reported,{}
edge:898e34cfb1079802,shipkg:case:1e6479e108d9,INVOLVES,shipkg:cause:0c02674d6024,ev:5f282b514e870587,kommandor_susan_dg1_2025,reported,{}
edge:89d80dca73169f8c,shipkg:fault:423cd9a63be0,LEADS_TO,shipkg:consequence:775549e4c085,ev:390711bc162bb6ce,kommandor_susan_dg1_2025,reported,{}
edge:8aa09d71bdfa2547,shipkg:run:9690a0157fb9,TESTS_FAULT,shipkg:fault:0a5da1da4336,ev:0fd78cc81d9681d2,,reported,{}
edge:8b2de4d98a15c5a7,shipkg:dataset:1ceeb4cad6d8,HAS_CHANNEL,shipkg:sensor:d9ffd75bfab4,ev:bb4c3f647e81f1d2,,reported,{}
edge:8e8fa2175e5d4990,shipkg:dataset:1ceeb4cad6d8,HAS_CHANNEL,shipkg:sensor:a99b849d2aad,ev:d4f6a624b9bf3bf5,,reported,{}
edge:8fb3da4a6ad8dacd,shipkg:condition:9e0b58e70948,CONTRIBUTED_TO,shipkg:fault:2c644dcfc770,ev:01e497b491874531,kommandor_susan_dg1_2025,reported,{}
edge:8fc5d9e12519404f,shipkg:dataset:1ceeb4cad6d8,HAS_RUN,shipkg:run:0a0b95755e65,ev:79a139cd88957e11,,reported,{}
edge:906419b0e1885484,shipkg:cause:8a2abf94d478,MAY_CONTRIBUTE_TO,shipkg:fault:aba0717d72a0,ev:f586cbe874297cd1,wight_sky_me2_2018,possible,{}
edge:916e961e0139fa0d,shipkg:symptom:d2a57b31e287,PRECEDED,shipkg:fault:2c644dcfc770,ev:caaf8005d66a8fbb,windcat8_port_engine_2017,reported,{}
edge:928fdefd1642c5c5,shipkg:action:752d3ce3e403,ADDRESSES,shipkg:cause:cf3cb78b47cf,ev:c2745665875d9964,wight_sky_me_2017,reported_action,{}
edge:961d8e73eae49028,shipkg:fault:96cc1c0ff36e,LEADS_TO,shipkg:fault:fee4df6aeb24,ev:4846a9af2b7e6456,wight_sky_me2_2018,reported,{}
edge:98807e8099b08cb6,shipkg:observation:ec255ed61291,HAS_RECOMMENDED_ACTION,shipkg:action:9e4b4715011c,ev:5350278460986ec7,,dataset_label,{}
edge:98bbe8fc1a7058f4,shipkg:run:cd33f80ecd69,TESTS_FAULT,shipkg:fault:3a609fe447a8,ev:5ae484b55bc9bc82,,reported,{}
edge:98c5383ab9790842,shipkg:case:adf367a46f33,INVOLVES,shipkg:fault:fee4df6aeb24,ev:4846a9af2b7e6456,wight_sky_me2_2018,reported,{}
edge:992478fc2c14e9b3,shipkg:dataset:1ceeb4cad6d8,HAS_CHANNEL,shipkg:sensor:c6c4a9eaacca,ev:5e4fab320bfd07ed,,reported,{}
edge:9941cbdbe1cfdf73,shipkg:dataset:1ceeb4cad6d8,HAS_CHANNEL,shipkg:sensor:1320f5577cf0,ev:740294f08f945134,,reported,{}
edge:9b4b0272e8704850,shipkg:case:00057f56fe39,INVOLVES,shipkg:consequence:bcd3a732b87d,ev:d2ddab6cf68a9801,wight_sky_me_2017,reported,{}
edge:9e58c904e378fd8f,shipkg:dataset:710ea13e53ac,HAS_CASE,shipkg:observation:59f88fb7c81e,ev:d61287b84a7d06e2,,reported,{}
edge:9e959d93a91dfe5c,shipkg:dataset:1ceeb4cad6d8,HAS_CHANNEL,shipkg:sensor:aef67aa11eac,ev:45a436ad6dfdc32b,,reported,{}
edge:9f7a4ae4b1796cdb,shipkg:condition:2d805325d843,MAY_CONTRIBUTE_TO,shipkg:fault:aba0717d72a0,ev:26718cca28f9fc30,wight_sky_me2_2018,possible,{}
edge:9fabc8d3664d53d0,shipkg:condition:2ee58a9a8fad,LEADS_TO,shipkg:fault:c9a34bd46532,ev:b6540313ab8acd21,spirit_of_discovery_pods_2023,reported,{}
edge:9fd3b3bba35df042,shipkg:case:00057f56fe39,INVOLVES,shipkg:fault:5f59e6b3ca42,ev:9094aa614ec060db,wight_sky_me_2017,reported,{}
edge:a2e2e760f4405d47,shipkg:fault:a20cef558a0a,LEADS_TO,shipkg:fault:9b76a4f68834,ev:1218b476bea8d173,wight_sky_me4_2018,reported,{}
edge:a32459f38be8571e,shipkg:case:187dc871fbd5,INVOLVES,shipkg:action:4f7d85454ee0,ev:5e9ac17b88449c65,spirit_of_discovery_pods_2023,reported,{}
edge:a3e2a6f635c06758,shipkg:fault:aba0717d72a0,LEADS_TO,shipkg:fault:d047fdea9ee9,ev:dcba2393344bd01c,wight_sky_me_2017,reported,{}
edge:a434c932c85b6a89,shipkg:observation:6bc49fd589cc,HAS_RECOMMENDED_ACTION,shipkg:action:cc44cd1c6032,ev:2c91ce63ed55748b,,dataset_label,{}
edge:a4b835efae9cbcac,shipkg:case:1e6479e108d9,INVOLVES,shipkg:condition:6fa538170906,ev:1a0b3fbe432ab46d,kommandor_susan_dg1_2025,reported,{}
edge:a4cdf2d395f09c13,shipkg:case:187dc871fbd5,INVOLVES,shipkg:fault:e97eee073fc6,ev:755b4102fd859a55,spirit_of_discovery_pods_2023,reported,{}
edge:a5a324438d9fb4aa,shipkg:fault:e97eee073fc6,TRIGGERS,shipkg:fault:c830e7992f26,ev:5d3cde311b090a6a,spirit_of_discovery_pods_2023,reported,{}
edge:a6ff3d7bef862430,shipkg:case:00057f56fe39,INVOLVES,shipkg:fault:aba0717d72a0,ev:7407bf8cf7722325,wight_sky_me_2017,reported,{}
edge:a7e00e91b645017a,shipkg:observation:c07d705f633b,HAS_RECOMMENDED_ACTION,shipkg:action:9e4b4715011c,ev:9f5f82cce37a3aa9,,dataset_label,{}
edge:a840667b53ddaf5c,shipkg:consequence:4016217446bf,LEADS_TO,shipkg:consequence:d1c468a6b34b,ev:96c615c53d3b0715,kommandor_susan_dg1_2025,reported,{}
edge:a918c8c57b76ba09,shipkg:run:a4c3017972ca,AT_LOAD,shipkg:condition:103a0ae5358b,ev:1f2e716415ec2a7c,,reported,{}
edge:a937bf8f2b2c652c,shipkg:dataset:1ceeb4cad6d8,HAS_CHANNEL,shipkg:sensor:615199ab193b,ev:0cf3e7afa3cd10e1,,reported,{}
edge:a95ad793386ee8d9,shipkg:dataset:1ceeb4cad6d8,HAS_CHANNEL,shipkg:sensor:482eb47f8513,ev:c9d838c8d843eeee,,reported,{}
edge:a9fa64e6e5b6251f,shipkg:consequence:4016217446bf,LEADS_TO,shipkg:consequence:4f46c84c0d64,ev:0ec8d60206b6b9cf,kommandor_susan_dg1_2025,reported,{}
edge:aa824603cc492268,shipkg:observation:abd23c68d1ce,SHOWS_CONDITION,shipkg:fault:688b83bd7c8b,ev:8e86a0b79553a259,,dataset_label,{}
edge:aae2c66f15b8b768,shipkg:dataset:1ceeb4cad6d8,HAS_CHANNEL,shipkg:sensor:e47b10fa62e0,ev:e79a186ddb29e3e0,,reported,{}
edge:ab3cbed2a2a61e2c,shipkg:fault:fee4df6aeb24,LEADS_TO,shipkg:consequence:775549e4c085,ev:471026a1392177a8,finlandia_seaways_me_2018,reported,{}
edge:ac6908ec9f47ee7b,shipkg:case:00057f56fe39,DOCUMENTED_BY,shipkg:source:21d1480ba4a6,ev:19d0b2283f62b511,wight_sky_me_2017,reported,{}
edge:ae255bc80cc879b8,shipkg:equipment:49d861a78ba3,HAS_COMPONENT,shipkg:component:8052e7754d5f,ev:e32631e4946436ab,kommandor_susan_dg1_2025,reported,{}
edge:b00142198fe385e9,shipkg:fault:c830e7992f26,LEADS_TO,shipkg:consequence:d1c468a6b34b,ev:166a2a0932391029,spirit_of_discovery_pods_2023,reported,{}
edge:b0a7b8cd30d6fc97,shipkg:vessel:fa10fa0f80d3,HAS_CASE,shipkg:case:adf367a46f33,ev:4846a9af2b7e6456,wight_sky_me2_2018,reported,{}
edge:b15cee873e9d5efd,shipkg:case:00057f56fe39,INVOLVES,shipkg:consequence:775549e4c085,ev:feb3c28c6560bd03,wight_sky_me_2017,reported,{}
edge:b1e927b793b4c3b4,shipkg:case:adf367a46f33,INVOLVES,shipkg:fault:aba0717d72a0,ev:a67a93bfec361edf,wight_sky_me2_2018,reported,{}
edge:b25a5cf32c96c74f,shipkg:dataset:1ceeb4cad6d8,HAS_CHANNEL,shipkg:sensor:b3a6d5f659a8,ev:f03b684739fae393,,reported,{}
edge:b27d395dd7a1eec9,shipkg:condition:0a605c97371c,LEADS_TO,shipkg:condition:2ee58a9a8fad,ev:9d2abeeb05ea44b5,spirit_of_discovery_pods_2023,reported,{}
edge:b3e43455b3218549,shipkg:dataset:1ceeb4cad6d8,HAS_CHANNEL,shipkg:sensor:7b9d6be3e1e7,ev:fab039e22fe38b80,,reported,{}
edge:b55b6cc776deffeb,shipkg:run:c2058b46e618,TESTS_FAULT,shipkg:fault:91dfc7218234,ev:4369bc44687256ab,,reported,{}
edge:b5b9a8f6a11c57df,shipkg:run:9969547fcdfa,TESTS_FAULT,shipkg:fault:3a609fe447a8,ev:7d06646b52c25b16,,reported,{}
edge:b6118df8e96d8f9a,shipkg:case:d6e9f8f8ade2,INVOLVES,shipkg:check:313a552b87bf,ev:33782f93bde6d8a1,finlandia_seaways_me_2018,reported,{}
edge:b675bb7c1f4fc2de,shipkg:dataset:1ceeb4cad6d8,HAS_RUN,shipkg:run:9690a0157fb9,ev:0fd78cc81d9681d2,,reported,{}
edge:b6bc3f8a3d0ccec3,shipkg:vessel:5466bfcfc864,HAS_CASE,shipkg:case:187dc871fbd5,ev:c3429f0fc22579e1,spirit_of_discovery_pods_2023,reported,{}
edge:b823f509dcdde6a0,shipkg:observation:59f88fb7c81e,HAS_RECOMMENDED_ACTION,shipkg:action:9e4b4715011c,ev:d61287b84a7d06e2,,dataset_label,{}
edge:b87ce74b0276fc85,shipkg:case:d6e9f8f8ade2,INVOLVES,shipkg:symptom:601948a19d34,ev:b2ab413559094e03,finlandia_seaways_me_2018,reported,{}
edge:b985df217b70c920,shipkg:case:adf367a46f33,INVOLVES,shipkg:condition:a9a45fb680fd,ev:cf454850540d2ce6,wight_sky_me2_2018,reported,{}
edge:bc128c07c9354ca4,shipkg:case:278d7572ef08,IN_SYSTEM,shipkg:system:5d1dca19fd66,ev:3ca79df2a0332a1a,wight_sky_me4_2018,reported,{}
edge:bc42dd4b0e37d4eb,shipkg:dataset:1ceeb4cad6d8,HAS_RUN,shipkg:run:cd33f80ecd69,ev:5ae484b55bc9bc82,,reported,{}
edge:bebf0efb0d77f9ae,shipkg:dataset:710ea13e53ac,HAS_CASE,shipkg:observation:ec255ed61291,ev:5350278460986ec7,,reported,{}
edge:bec7be1e9700a814,shipkg:dataset:1ceeb4cad6d8,HAS_CHANNEL,shipkg:sensor:67bfe0a5f170,ev:cc6982ba7e64d2a0,,reported,{}
edge:bf07e6903aa4cc76,shipkg:check:fa162d9e9a3f,CHECKS,shipkg:cause:0b368a5a5869,ev:c74257f47f29e86a,wight_sky_me4_2018,derived_action,{}
edge:bfb0d14c4ff5888e,shipkg:case:adf367a46f33,HAS_EQUIPMENT,shipkg:equipment:61cd855f5970,ev:4846a9af2b7e6456,wight_sky_me2_2018,reported,{}
edge:c1e0fa7428533bc5,shipkg:dataset:1ceeb4cad6d8,HAS_CHANNEL,shipkg:sensor:ba1e69ac58df,ev:9d4c4111f91d89e1,,reported,{}
edge:c62ebf3c80e160a0,shipkg:dataset:1ceeb4cad6d8,HAS_CHANNEL,shipkg:sensor:2392435fe4ac,ev:72d13ccbc4af64a2,,reported,{}
edge:c7203100f1a0ed3b,shipkg:case:d6e9f8f8ade2,INVOLVES,shipkg:action:642ddc0bd6c5,ev:c4dfa47c81f2ebb5,finlandia_seaways_me_2018,reported,{}
edge:c738aa985d178c94,shipkg:case:9792cd36162e,INVOLVES,shipkg:condition:ff44ed04fc9f,ev:1143f5b1ae869724,windcat8_port_engine_2017,reported,{}
edge:c73b68793ef21e47,shipkg:case:9792cd36162e,INVOLVES,shipkg:action:9fa28e4c4571,ev:e678a8a1bb3f1aec,windcat8_port_engine_2017,reported,{}
edge:c7489feb424fc12e,shipkg:dataset:1ceeb4cad6d8,HAS_RUN,shipkg:run:265eab3b4373,ev:19d72a1ed6647ccd,,reported,{}
edge:c89e9a0773956752,shipkg:fault:4e2929b80b35,LEADS_TO,shipkg:fault:fee4df6aeb24,ev:53cb0d46e7e767ec,finlandia_seaways_me_2018,reported,{}
edge:c92d57e440182816,shipkg:fault:aba0717d72a0,AFFECTS_COMPONENT,shipkg:component:be4ab56339d8,ev:0b7a42308cc8b6cc,wight_sky_me2_2018,reported,{}
edge:cb7ed140bf8fa929,shipkg:case:00057f56fe39,IN_SYSTEM,shipkg:system:5d1dca19fd66,ev:19d0b2283f62b511,wight_sky_me_2017,reported,{}
edge:cb9aa280fead0205,shipkg:dataset:1ceeb4cad6d8,HAS_CHANNEL,shipkg:sensor:5acc3a404383,ev:dec41aa5e554ca31,,reported,{}
edge:cccd4ad38e79c3fa,shipkg:case:278d7572ef08,INVOLVES,shipkg:cause:0b368a5a5869,ev:a4a51bca0c30f80d,wight_sky_me4_2018,reported,{}
edge:ccd6112a8f27fefe,shipkg:observation:36b9efa16da9,HAS_RECOMMENDED_ACTION,shipkg:action:cc44cd1c6032,ev:44f19b4f5b32f488,,dataset_label,{}
edge:cd4443bced5710fe,shipkg:case:187dc871fbd5,DOCUMENTED_BY,shipkg:source:d52922af3fc9,ev:c3429f0fc22579e1,spirit_of_discovery_pods_2023,reported,{}
edge:ce93f8439e66ac3c,shipkg:case:9792cd36162e,HAS_EQUIPMENT,shipkg:equipment:563809ad0932,ev:4e45851ecc9eb9f4,windcat8_port_engine_2017,reported,{}
edge:cf347cc5c62a9275,shipkg:dataset:1ceeb4cad6d8,HAS_CHANNEL,shipkg:sensor:5f5652f7036e,ev:09d27f6992891305,,reported,{}
edge:cf8088fbc0fe6263,shipkg:dataset:1ceeb4cad6d8,HAS_CHANNEL,shipkg:sensor:e94fb52827fa,ev:0f8c03d1dccfd00e,,reported,{}
edge:cf91d9f25181f963,shipkg:case:187dc871fbd5,INVOLVES,shipkg:action:b39684450af7,ev:808bd8d1dd9e51f9,spirit_of_discovery_pods_2023,reported,{}
edge:d18a92975542579a,shipkg:action:16d3373950f9,ADDRESSES,shipkg:condition:6fa538170906,ev:9225f4c20470527c,kommandor_susan_dg1_2025,reported_action,{}
edge:d2cf7e7328f9b943,shipkg:dataset:1ceeb4cad6d8,HAS_CHANNEL,shipkg:sensor:6cf5ec25b81a,ev:88f82746a258e58a,,reported,{}
edge:d2f632d6c0fb6506,shipkg:case:1e6479e108d9,INVOLVES,shipkg:consequence:4f46c84c0d64,ev:0ec8d60206b6b9cf,kommandor_susan_dg1_2025,reported,{}
edge:d34cfe896e4d0cec,shipkg:case:adf367a46f33,INVOLVES,shipkg:symptom:ccae4eb65c57,ev:5124f3b43ff47b3a,wight_sky_me2_2018,reported,{}
edge:d49bfb0e69feaca9,shipkg:fault:aba0717d72a0,LEADS_TO,shipkg:fault:96cc1c0ff36e,ev:a67a93bfec361edf,wight_sky_me2_2018,reported,{}
edge:d550d8d987cbc2ed,shipkg:dataset:1ceeb4cad6d8,HAS_CHANNEL,shipkg:sensor:a4ce7901d117,ev:3329024780d2fb48,,reported,{}
edge:d5c1fd3be2416952,shipkg:dataset:1ceeb4cad6d8,HAS_CHANNEL,shipkg:sensor:17bbed611e22,ev:2387afdf814fcf9c,,reported,{}
edge:d5e855bff1694f60,shipkg:condition:e21862ad051d,LEADS_TO,shipkg:consequence:bcd3a732b87d,ev:d2ddab6cf68a9801,wight_sky_me_2017,reported,{}
edge:d62e07c551845238,shipkg:observation:abd23c68d1ce,HAS_RECOMMENDED_ACTION,shipkg:action:cc44cd1c6032,ev:8e86a0b79553a259,,dataset_label,{}
edge:d633bdf82e73e82e,shipkg:dataset:1ceeb4cad6d8,HAS_CHANNEL,shipkg:sensor:870baabfbca3,ev:766b43663daf2a75,,reported,{}
edge:d74ebf20cc5e3892,shipkg:case:9792cd36162e,DOCUMENTED_BY,shipkg:source:af4bce0c23cd,ev:4e45851ecc9eb9f4,windcat8_port_engine_2017,reported,{}
edge:d7a2187500e9acc9,shipkg:case:1e6479e108d9,INVOLVES,shipkg:fault:423cd9a63be0,ev:cebfc2d1ae68389d,kommandor_susan_dg1_2025,reported,{}
edge:d7a5a80824d95559,shipkg:dataset:710ea13e53ac,HAS_CASE,shipkg:observation:83cf859e3d48,ev:3ee08dc0eebc21a7,,reported,{}
edge:d7df018213d853f6,shipkg:dataset:1ceeb4cad6d8,HAS_CHANNEL,shipkg:sensor:b7131de34c68,ev:9500742595c79664,,reported,{}
edge:d8c026f85cad1492,shipkg:dataset:6ab0788d235b,DOCUMENTED_BY,shipkg:source:23fd7f407fe4,ev:74d8057daa5c6f01,,reported,{}
edge:db0088fe22e7b9d8,shipkg:run:2c8ac4d016f4,AT_LOAD,shipkg:condition:0f0bb607da60,ev:339fcaeb186a01d1,,reported,{}
edge:dbb7fc5be3025318,shipkg:vessel:2ee30864aa2d,HAS_CASE,shipkg:case:1e6479e108d9,ev:01f3913bd9c46899,kommandor_susan_dg1_2025,reported,{}
edge:dea8c1a697e532a0,shipkg:dataset:1ceeb4cad6d8,HAS_RUN,shipkg:run:0024b0cf204d,ev:64a3e1d72c1647d2,,reported,{}
edge:df2a656e57b6a266,shipkg:dataset:710ea13e53ac,HAS_CASE,shipkg:observation:6bc49fd589cc,ev:2c91ce63ed55748b,,reported,{}
edge:e0284dc52b13fab4,shipkg:dataset:1ceeb4cad6d8,HAS_CHANNEL,shipkg:sensor:8ad66c87b433,ev:fdaddc4825b4b458,,reported,{}
edge:e0b43824fecda57c,shipkg:dataset:1ceeb4cad6d8,HAS_CHANNEL,shipkg:sensor:8ab013653446,ev:e404f4ecf4526f44,,reported,{}
edge:e1dbbf16bba0de0d,shipkg:run:9969547fcdfa,AT_LOAD,shipkg:condition:df365e2b0777,ev:7d06646b52c25b16,,reported,{}
edge:e2129d57449bdc1b,shipkg:dataset:1ceeb4cad6d8,HAS_CHANNEL,shipkg:sensor:9785e5456d03,ev:76e4e727d9b7b527,,reported,{}
edge:e372613b572c153f,shipkg:case:278d7572ef08,DOCUMENTED_BY,shipkg:source:66b61e38c53f,ev:3ca79df2a0332a1a,wight_sky_me4_2018,reported,{}
edge:e3e5a53f0f25b5db,shipkg:equipment:1755b4f618f2,HAS_COMPONENT,shipkg:component:45c063af0c7c,ev:1637d85df75c53f0,wight_sky_me_2017,reported,{}
edge:e4eaac50a4ee8002,shipkg:dataset:1ceeb4cad6d8,HAS_CHANNEL,shipkg:sensor:270638670931,ev:e83aa95b02c47022,,reported,{}
edge:e55aa08dc1ef25d1,shipkg:equipment:710361995928,HAS_COMPONENT,shipkg:component:160bdfff5e4e,ev:818a140783772a9b,spirit_of_discovery_pods_2023,reported,{}
edge:e6111625394e9a53,shipkg:dataset:1ceeb4cad6d8,HAS_CHANNEL,shipkg:sensor:7675b8a8bef8,ev:3356e199bb43f210,,reported,{}
edge:e6221cf6d8ff0c74,shipkg:case:d6e9f8f8ade2,INVOLVES,shipkg:consequence:775549e4c085,ev:471026a1392177a8,finlandia_seaways_me_2018,reported,{}
edge:e7103e2d26ceb062,shipkg:dataset:1ceeb4cad6d8,HAS_CHANNEL,shipkg:sensor:0c9767837a0e,ev:c217155b6979c5d2,,reported,{}
edge:e77fbbaaae4588fe,shipkg:dataset:19e52eb49467,SHOWS_CONDITION,shipkg:fault:323fee48e778,ev:8b5ccc7bfc9235d4,,simulated,{}
edge:e8b49fbfdae596c8,shipkg:observation:59f88fb7c81e,SHOWS_CONDITION,shipkg:fault:911e598cd781,ev:d61287b84a7d06e2,,dataset_label,{}
edge:e8c8577267a9233d,shipkg:dataset:1ceeb4cad6d8,HAS_RUN,shipkg:run:bd1a1e06b4eb,ev:879c069ed129535a,,reported,{}
edge:e8fb5d6d9da903c6,shipkg:run:0024b0cf204d,TESTS_FAULT,shipkg:fault:0e24c2957173,ev:64a3e1d72c1647d2,,reported,{}
edge:ea13b5c72413de93,shipkg:dataset:1ceeb4cad6d8,HAS_CHANNEL,shipkg:sensor:2c5d17b46b26,ev:9f20c51ce9a64e85,,reported,{}
edge:ea408031a5706e10,shipkg:dataset:19e52eb49467,SHOWS_CONDITION,shipkg:fault:ebfac27b4d41,ev:a50b62c3875a33d5,,simulated,{}
edge:eb9820d2f30f30f4,shipkg:dataset:1ceeb4cad6d8,HAS_CHANNEL,shipkg:sensor:34c1108e4156,ev:f04d1f439a274c32,,reported,{}
edge:ec32b6f345cc361f,shipkg:dataset:710ea13e53ac,HAS_CASE,shipkg:observation:f5d747e68b69,ev:596b2f398d646f0b,,reported,{}
edge:ec34500d561a3beb,shipkg:case:187dc871fbd5,INVOLVES,shipkg:action:b1b278b9bbdd,ev:c7e7236b07b0d8d2,spirit_of_discovery_pods_2023,reported,{}
edge:ec95dc1fa6992435,shipkg:dataset:1ceeb4cad6d8,HAS_RUN,shipkg:run:6c075208cdc0,ev:9de953977942cbdf,,reported,{}
edge:ecd21828868f7b9d,shipkg:case:1e6479e108d9,INVOLVES,shipkg:consequence:4016217446bf,ev:390711bc162bb6ce,kommandor_susan_dg1_2025,reported,{}
edge:ede40320c4ce187a,shipkg:dataset:1ceeb4cad6d8,HAS_CHANNEL,shipkg:sensor:31faff89b311,ev:572a54544e373533,,reported,{}
edge:ee29e9d5aa94c5ec,shipkg:case:187dc871fbd5,INVOLVES,shipkg:fault:c830e7992f26,ev:5d3cde311b090a6a,spirit_of_discovery_pods_2023,reported,{}
edge:eedeeafafedb05b6,shipkg:dataset:1ceeb4cad6d8,HAS_CHANNEL,shipkg:sensor:872567f0bd88,ev:0df6fda26336ffc4,,reported,{}
edge:f019e5835fab2c46,shipkg:run:c2058b46e618,AT_LOAD,shipkg:condition:103a0ae5358b,ev:4369bc44687256ab,,reported,{}
edge:f1e601e66751d624,shipkg:run:bd1a1e06b4eb,AT_LOAD,shipkg:condition:df365e2b0777,ev:879c069ed129535a,,reported,{}
edge:f331bb2d23d88bfe,shipkg:dataset:1ceeb4cad6d8,HAS_CHANNEL,shipkg:sensor:366f77564e58,ev:1fe44331fadb665a,,reported,{}
edge:f666dae6f01177ac,shipkg:case:adf367a46f33,INVOLVES,shipkg:cause:8a2abf94d478,ev:f586cbe874297cd1,wight_sky_me2_2018,reported,{}
edge:f7d3c136149f9f3e,shipkg:case:d6e9f8f8ade2,DOCUMENTED_BY,shipkg:source:a4b58f363149,ev:eb8d9ba0db21fede,finlandia_seaways_me_2018,reported,{}
edge:f7f3e6ed5fcb1562,shipkg:case:187dc871fbd5,INVOLVES,shipkg:consequence:7de07882b364,ev:a61057fac0fe1035,spirit_of_discovery_pods_2023,reported,{}
edge:f88ba84487c8e409,shipkg:check:313a552b87bf,CHECKS,shipkg:cause:29f8307f5eed,ev:33782f93bde6d8a1,finlandia_seaways_me_2018,derived_action,{}
edge:f91e30b569a1ffe4,shipkg:cause:0c02674d6024,CONTRIBUTED_TO,shipkg:fault:2c644dcfc770,ev:5f282b514e870587,kommandor_susan_dg1_2025,probable,{}
edge:fb34bd4df3c583e0,shipkg:dataset:1ceeb4cad6d8,HAS_CHANNEL,shipkg:sensor:173be47ae689,ev:9adb71d01088504c,,reported,{}
edge:fd4ddfffcf5bc874,shipkg:case:adf367a46f33,IN_SYSTEM,shipkg:system:5d1dca19fd66,ev:4846a9af2b7e6456,wight_sky_me2_2018,reported,{}
edge:fe049a757fc3bcaa,shipkg:dataset:1ceeb4cad6d8,HAS_CHANNEL,shipkg:sensor:0d9978f872ad,ev:80918215733870aa,,reported,{}
edge:fe7d4eb6c9fdf2b2,shipkg:dataset:1ceeb4cad6d8,HAS_CHANNEL,shipkg:sensor:5c1900646ca4,ev:300d98a15fc95cf3,,reported,{}
