id,source_file,source_url,source_kind,page,locator,quote
ev:01e497b491874531,MAIB_2026_10_Kommandor_Susan_generator_bearing_failure.pdf,https://www.gov.uk/maib-reports/catastrophic-engine-failure-and-subsequent-fire-on-board-the-site-investigation-vessel-kommandor-susan,report,8,PDF page 8,"Caterpillar was approved on the basis that genuine parts were used. The CTP parts were designed for a standard service interval. Use of the CTP parts beyond their design life led the connecting rod bearings to fail, initiating a chain of mechanical failures that culminated in the engine failure and subsequent fire. The extended service intervals were inappropriate for these substitute components, accelerating the risk of failure. Anchoring"
ev:01f0c4c8cc7ce048,Marine_Engine_Fault_Data_v1.zip,https://zenodo.org/records/19857425,dataset,,variable_dictionary.csv:Exh.Gas Temp. Turbine Out,full_name=Exh.Gas Temp. Turbine Out; symbol=T5; unit=°C; dtype=number; in_reference=TRUE; in_scenario_files=TRUE; category=temperature
ev:01f3913bd9c46899,MAIB_2026_10_Kommandor_Susan_generator_bearing_failure.pdf,https://www.gov.uk/maib-reports/catastrophic-engine-failure-and-subsequent-fire-on-board-the-site-investigation-vessel-kommandor-susan,report,1,PDF page 1,"f Forth, Scotland on 25 January 2025 SUMMARY At 1305 on 25 January 2025, the site investigation vessel Kommandor Susan suffered a catastrophic failure of a diesel generator engine while conducting sea trials in the Firth of Forth, Scotland. The failure resulted in an engine room fire and a complete power blackout. The crew responded promptly, extinguished the fire and mustered safely. The vessel lost propu"
ev:023a00d310521c01,Marine_Engine_Fault_Data_v1.zip,https://zenodo.org/records/19857425,dataset,,variable_dictionary.csv:Shaft Torque,full_name=Shaft Torque; symbol=Tq; unit=Nm; dtype=number; in_reference=TRUE; in_scenario_files=TRUE; category=other
ev:03eb6a301e78c0bb,Marine_Engine_Fault_Data_v1.zip,https://zenodo.org/records/19857425,dataset,,variable_dictionary.csv:Fuel transfer pump Press.,full_name=Fuel transfer pump Press.; symbol=Pl_fuel; unit=V; dtype=number; in_reference=TRUE; in_scenario_files=TRUE; category=pressure / derived pressure; note=raw voltage signal associated with fuel-side pressure; not converted to engineering pressure units
ev:04e94cee9be565df,Marine_Engine_Fault_Data_v1.zip,https://zenodo.org/records/19857425,dataset,,dataset_index.csv:AF_Clogging/AF_Clogging_40_Load.csv,"file_name=AF_Clogging/AF_Clogging_40_Load.csv; schema_type=scenario; scenario=Air-filter clogging (compressor); nominal_load=40%; severity_or_program=single load condition; header_rows=3; data_rows=4820; columns=73; anomaly_state=binary (0=pre-anomaly, 1=anomaly); notes=Pre-anomaly and anomaly segments."
ev:09d27f6992891305,Marine_Engine_Fault_Data_v1.zip,https://zenodo.org/records/19857425,dataset,,variable_dictionary.csv:LO Cooling water flow,full_name=LO Cooling water flow; symbol=Qw_lo; unit=m3/h; dtype=number; in_reference=TRUE; in_scenario_files=TRUE; category=flow / fuel / air
ev:0b7a42308cc8b6cc,MAIB_2022_04_Wight_Sky_multiple_engine_failures.pdf,https://assets.publishing.service.gov.uk/media/6267cc85e90e071690c1b679/2022-4-WightSky-Report.pdf,report,84,PDF page 84,"D OR RESULTED IN RECOMMENDATIONS 1. Wight Sky’s ME2 failed catastrophically due to a sudden loss of lubricating oil supply to its number five main journal bearing and number four crankpin. [2.3.1] 2. The oilway to the main journal and crankpin was blocked off when the bearing shells turned in their housing. Poor fuel combustion, the presence of silica sand and other abrasive particles embe"
ev:0bf144357db6ee2f,TSRF_main.zip,https://github.com/TS-RF/TSRF,code,,data/Normal.csv,Normal.csv
ev:0cf3e7afa3cd10e1,Marine_Engine_Fault_Data_v1.zip,https://zenodo.org/records/19857425,dataset,,variable_dictionary.csv:LO Cooling Water Temp. Out,full_name=LO Cooling Water Temp. Out; symbol=T13; unit=°C; dtype=number; in_reference=TRUE; in_scenario_files=TRUE; category=temperature
ev:0df6fda26336ffc4,Marine_Engine_Fault_Data_v1.zip,https://zenodo.org/records/19857425,dataset,,variable_dictionary.csv:Effective Work No.2,full_name=Effective Work No.2; symbol=We; unit=kW; dtype=number; in_reference=TRUE; in_scenario_files=TRUE; category=performance / derived; note=shorthand label is reused across cylinder-resolved and/or aggregate variables; use the full variable-name row during preprocessing
ev:0ec8d60206b6b9cf,MAIB_2026_10_Kommandor_Susan_generator_bearing_failure.pdf,https://www.gov.uk/maib-reports/catastrophic-engine-failure-and-subsequent-fire-on-board-the-site-investigation-vessel-kommandor-susan,report,1,PDF page 1,ustered safely. The vessel lost propulsion and began drifting eastwards. Attempts to deploy anchors were unsuccessful because the anchor winches required electrical power to operate. Kommandor Susan was eventually returned to Leith harbour with limited propulsion restored. The investigation found that the engine failure was caused by premature wear of bearings fitted during a major overhaul in 2019. These co
ev:0ee3d29721b3b421,Marine_Engine_Fault_Data_v1.zip,https://zenodo.org/records/19857425,dataset,,variable_dictionary.csv:Cooling Water Temp. Engine Out III,full_name=Cooling Water Temp. Engine Out III; symbol=T9; unit=°C; dtype=number; in_reference=TRUE; in_scenario_files=TRUE; category=temperature
ev:0f8c03d1dccfd00e,Marine_Engine_Fault_Data_v1.zip,https://zenodo.org/records/19857425,dataset,,variable_dictionary.csv:Turbine Back Pressure,"full_name=Turbine Back Pressure; symbol=dPex; unit=Pa; dtype=number; in_reference=FALSE; in_scenario_files=TRUE; category=pressure / derived pressure; note=Present in all scenario files for schema uniformity; recorded values in 10 of 15 scenario files. Empty (not recorded) in: AC_Fouling_85_Load.csv, Clogged_Injector_Nozzle1_40_60_85_Load.csv, Clogged_Injector_Nozzle2_LoadProgram.csv, CW_Pump_Cavitation_60_Load.csv, CW_Pump_Cavitation_85_Load.csv."
ev:0fd78cc81d9681d2,Marine_Engine_Fault_Data_v1.zip,https://zenodo.org/records/19857425,dataset,,dataset_index.csv:Injector_Nozzle/Clogged_Injector_Nozzle1_40_60_85_Load.csv,"file_name=Injector_Nozzle/Clogged_Injector_Nozzle1_40_60_85_Load.csv; schema_type=scenario; scenario=Injection-valve nozzle clogging; nominal_load=40%, 60%, 85% (stepped); severity_or_program=one-hole plugged nozzle; header_rows=3; data_rows=6492; columns=73; anomaly_state=all-anomaly (no baseline segment); notes=Anomalous operation only (no baseline segment). Compressor Filter Loss (dPf) and Turbine Back Pressure (dPex) not recorded in this run (columns present but empty)."
ev:1120bc83b6a7d3e0,Azimuth_Thruster_CBM_Dataset.zip,https://zenodo.org/records/20101612,dataset,,README.md,"Anonymised vibration, lubricant and availability dataset for tugboat propulsion systems"
ev:1143f5b1ae869724,MAIB_2018_01_Windcat8_bearing_failure_fire.pdf,https://assets.publishing.service.gov.uk/government/uploads/system/uploads/attachment_data/file/683922/MAIBInvReport01_2018.pdf,report,9,PDF page 9,"ation systems. Therefore, it is highly unlikely that the failure was the result of incorrect component assembly or a lack of oil. It is more likely that the failure was due to a weakness in the thin-walled shell bearing itself."
ev:1218b476bea8d173,MAIB_2022_04_Wight_Sky_multiple_engine_failures.pdf,https://assets.publishing.service.gov.uk/media/6267cc85e90e071690c1b679/2022-4-WightSky-Report.pdf,report,84,PDF page 84,"ng caps reduced the metal-to-metal contact between surfaces of the connecting rods and their bearing caps. This would have caused fretting wear between the mating faces, which would have led to loosening and rapid failure of the end cap securing bolts. [2.3.2] 5. Four of the five catastrophic engine failures discussed in detail in this report failed suddenly because of a loss of lubrication supply to the engines’ crankshaft journal bearings and cr"
ev:1637d85df75c53f0,MAIB_2018_14_Wight_Sky_engine_bearing_fire.pdf,https://assets.publishing.service.gov.uk/media/5b5217c7ed915d0b81e003df/MAIBInvReport14_2018.pdf,report,14,PDF page 14,"cluded that: ○ Debris in the engine’s oil channels was most probably responsible for initiating the failure. ○ When the shells of main bearing 5 turned, the lubrication supply to big end bearing 4 was blocked, resulting in destructive failure. • Rebuilding the engine in a clean and controlled environment and transferring it complete into the engine room would have reduced"
ev:166a2a0932391029,MAIB_2026_06_Spirit_of_Discovery_propulsion_loss.pdf,https://www.gov.uk/maib-reports/loss-of-propulsion-in-heavy-weather-experienced-by-the-passenger-vessel-spirit-of-discovery-leading-to-over-100-injuries-and-one-fatality,report,42,PDF page 42,"ULSION 2.3.1 Initial loss of propulsion Spirit of Discovery was pitching heavily and rolling violently in 8m to 9m waves when its port pod automatically shut down, followed shortly afterwards by its starboard pod. After shutting down, each pod then automatically rotated and parked at 90° to the vessel’s heading. Given the weather conditions at the time, it is almost certain that Spirit of Discovery’s pitching caused the propellers to come"
ev:168ca21b8f311885,Marine_Engine_Fault_Data_v1.zip,https://zenodo.org/records/19857425,dataset,,variable_dictionary.csv:TCH LO Cooling water flow,full_name=TCH LO Cooling water flow; symbol=Qw_turb; unit=m3/h; dtype=number; in_reference=TRUE; in_scenario_files=TRUE; category=flow / fuel / air
ev:18368950cc0f6b1b,Azimuth_Thruster_CBM_Dataset.zip,https://zenodo.org/records/20101612,dataset,,table3_lti_by_fault_type_anonymised.csv:row3,System / engine-family case=CAT 3516C MPEB 3V; Fault or condition=High-harmonic impact train; Detection/event reference=Vibration alert Month -3.0; no oil sample; operational downtime event; Reference class=LTI_operational; LTI / warning (mo)=3.0; Warning (h)=450.0; Recommended CBM action=Vibration-only CBM; 125 h vibration interval; Included in mechanical LTI summary=yes
ev:186ad5dbe0802ea5,TSRF_main.zip,https://github.com/TS-RF/TSRF,code,,data/Head-crack.csv,Head-crack.csv
ev:19d0b2283f62b511,MAIB_2018_14_Wight_Sky_engine_bearing_fire.pdf,https://assets.publishing.service.gov.uk/media/5b5217c7ed915d0b81e003df/MAIBInvReport14_2018.pdf,report,1,PDF page 1,"examination conducted by the vessel’s engine maker, Volvo Penta UK, concluded that the most probable trigger for the failure was debris in the engine’s oil channels following rebuild. The MAIB investigation established the following: • The engine had been completely rebuilt and failed after 5½ hours of operation. • The vessel’s soft patches 1 had not been removed, necessitating the engine to be lowered piecem"
ev:19d72a1ed6647ccd,Marine_Engine_Fault_Data_v1.zip,https://zenodo.org/records/19857425,dataset,,dataset_index.csv:Injector_Nozzle/Clogged_Injector_Nozzle2_LoadProgram.csv,file_name=Injector_Nozzle/Clogged_Injector_Nozzle2_LoadProgram.csv; schema_type=scenario; scenario=Injection-valve nozzle clogging; nominal_load=load program (~40-85%); severity_or_program=two-hole plugged nozzle / load program; header_rows=3; data_rows=6791; columns=73; anomaly_state=all-anomaly (no baseline segment); notes=Anomalous operation only (no baseline segment). Compressor Filter Loss (dPf) and Turbine Back Pressure (dPex) not recorded in this run (columns present but empty).
ev:1a0b3fbe432ab46d,MAIB_2026_10_Kommandor_Susan_generator_bearing_failure.pdf,https://www.gov.uk/maib-reports/catastrophic-engine-failure-and-subsequent-fire-on-board-the-site-investigation-vessel-kommandor-susan,report,8,PDF page 8,"ting priorities during the vessel’s conversion project, this resulted in Hays Ships providing minimal oversight to Holderness and no verification of authenticity for the parts used, enabling the installation of non- OEM components that later contributed to the engine failure. Similar to the lack of oversight highlighted in both the Finlandia Seaways and Finnmaster cases, the lack of structured supervision a"
ev:1b6ee0d38c733128,MAIB_2026_10_Kommandor_Susan_generator_bearing_failure.pdf,https://www.gov.uk/maib-reports/catastrophic-engine-failure-and-subsequent-fire-on-board-the-site-investigation-vessel-kommandor-susan,report,6,PDF page 6,"edules are only applicable for these parts. Non-Caterpillar parts used in the engine tent to have a shorter service life. [sic] • Check the use of non-Caterpillar bearings in the other engines on the vessel. If so, plan a early change of the main and connecting rod bearings. [sic] Parts approval process The approval process for a ship’s engine parts involved several steps to ensure compliance with safety and performanc"
ev:1f2e716415ec2a7c,Marine_Engine_Fault_Data_v1.zip,https://zenodo.org/records/19857425,dataset,,dataset_index.csv:AF_Clogging/AF_Clogging_85_Load.csv,"file_name=AF_Clogging/AF_Clogging_85_Load.csv; schema_type=scenario; scenario=Air-filter clogging (compressor); nominal_load=85%; severity_or_program=single load condition; header_rows=3; data_rows=6398; columns=73; anomaly_state=binary (0=pre-anomaly, 1=anomaly); notes=Pre-anomaly and anomaly segments."
ev:1fc7eecec98c89b6,Marine_Engine_Fault_Data_v1.zip,https://zenodo.org/records/19857425,dataset,,variable_dictionary.csv:Mechanical Efficiency,full_name=Mechanical Efficiency; symbol=Effn; unit=%; dtype=number; in_reference=TRUE; in_scenario_files=TRUE; category=performance / derived
ev:1fe44331fadb665a,Marine_Engine_Fault_Data_v1.zip,https://zenodo.org/records/19857425,dataset,,variable_dictionary.csv:No.1 Exh.Gas Temp.,full_name=No.1 Exh.Gas Temp.; symbol=T1; unit=°C; dtype=number; in_reference=TRUE; in_scenario_files=TRUE; category=temperature
ev:22b5a08ec87b67c2,Marine_Engine_Fault_Data_v1.zip,https://zenodo.org/records/19857425,dataset,,variable_dictionary.csv:Min. In-Cylinder Press. No.1,full_name=Min. In-Cylinder Press. No.1; symbol=Pmin; unit=MPa; dtype=number; in_reference=TRUE; in_scenario_files=TRUE; category=pressure / derived pressure; note=shorthand label is reused across cylinder-resolved and/or aggregate variables; use the full variable-name row during preprocessing
ev:234ecd08fe047445,Marine_Engine_Fault_Data_v1.zip,https://zenodo.org/records/19857425,dataset,,dataset_index.csv:Pump_Cavitation/CW_Pump_Cavitation_85_Load.csv,"file_name=Pump_Cavitation/CW_Pump_Cavitation_85_Load.csv; schema_type=scenario; scenario=Cooling-water pump cavitation; nominal_load=85%; severity_or_program=single load condition; header_rows=3; data_rows=6263; columns=73; anomaly_state=binary (0=pre-anomaly, 1=anomaly); notes=Pre-anomaly and anomaly segments. Compressor Filter Loss (dPf) and Turbine Back Pressure (dPex) not recorded in this run (columns present but empty)."
ev:2387afdf814fcf9c,Marine_Engine_Fault_Data_v1.zip,https://zenodo.org/records/19857425,dataset,,variable_dictionary.csv:Total Heat Loss in Heat Exchangers,full_name=Total Heat Loss in Heat Exchangers; symbol=Qrej; unit=kW; dtype=number; in_reference=TRUE; in_scenario_files=TRUE; category=performance / derived
ev:26718cca28f9fc30,MAIB_2022_04_Wight_Sky_multiple_engine_failures.pdf,https://assets.publishing.service.gov.uk/media/6267cc85e90e071690c1b679/2022-4-WightSky-Report.pdf,report,84,PDF page 84,"heir housing. Poor fuel combustion, the presence of silica sand and other abrasive particles embedded in the main bearing shells, engine misalignment, high levels of vibration, and contaminated lubricating oil might all have contributed to the event failure. [2.3.1] 3. Wight Sky’s ME4 failed catastrophically because of an assembly error during build at Volvo Penta’s factory in Sweden. Two of the engine’s matched connecting rod big end bearing caps had been trans"
ev:26b16a38271f6b21,Azimuth_Thruster_CBM_Dataset.zip,https://zenodo.org/records/20101612,dataset,,table3_lti_by_fault_type_anonymised.csv:row6,System / engine-family case=CAT 3516C azimuth unit EB 2; Fault or condition=Gear mesh anomaly; Detection/event reference=Vibration alert Month -1.0; maintenance event; Reference class=LTI_maintenance; LTI / warning (mo)=1.0; Warning (h)=150.0; Recommended CBM action=Vibration-led CBM; 125 h vibration / 500 h oil; Included in mechanical LTI summary=yes
ev:2c91ce63ed55748b,Azimuth_Thruster_CBM_Dataset.zip,https://zenodo.org/records/20101612,dataset,,table3_lti_by_fault_type_anonymised.csv:row2,System / engine-family case=CAT 3516C MPEB 1V; Fault or condition=Unconfirmed bearing-related spectral anomaly; Detection/event reference=Vibration alert Month -2.5; oil alert at Month -0.8; Reference class=LTI_oil; LTI / warning (mo)=1.7; Warning (h)=255.0; Recommended CBM action=Vibration-led CBM; 125 h vibration / 500 h oil; Included in mechanical LTI summary=yes
ev:300d98a15fc95cf3,Marine_Engine_Fault_Data_v1.zip,https://zenodo.org/records/19857425,dataset,,variable_dictionary.csv:Charge Air IC Cooling water flow,full_name=Charge Air IC Cooling water flow; symbol=Qw_air; unit=m3/h; dtype=number; in_reference=TRUE; in_scenario_files=TRUE; category=flow / fuel / air
ev:3329024780d2fb48,Marine_Engine_Fault_Data_v1.zip,https://zenodo.org/records/19857425,dataset,,variable_dictionary.csv:Mechanical Loss,full_name=Mechanical Loss; symbol=Wm; unit=kW; dtype=number; in_reference=TRUE; in_scenario_files=TRUE; category=performance / derived
ev:3341982540eaf56c,Marine_Engine_Fault_Data_v1.zip,https://zenodo.org/records/19857425,dataset,,variable_dictionary.csv:Sea Cooling Water Press.,full_name=Sea Cooling Water Press.; symbol=Pl_water2; unit=V; dtype=number; in_reference=TRUE; in_scenario_files=TRUE; category=pressure / derived pressure; note=raw voltage signal associated with LT cooling-water pump pressure; not converted to engineering pressure units
ev:3356e199bb43f210,Marine_Engine_Fault_Data_v1.zip,https://zenodo.org/records/19857425,dataset,,variable_dictionary.csv:Cooling Water Temp. Engine In,full_name=Cooling Water Temp. Engine In; symbol=T6; unit=°C; dtype=number; in_reference=TRUE; in_scenario_files=TRUE; category=temperature
ev:33782f93bde6d8a1,MAIB_2021_02_Finlandia_Seaways_connecting_rod_failure.pdf,https://www.gov.uk/maib-reports/engine-failure-and-subsequent-fire-on-ro-ro-cargo-vessel-finlandia-seaways-with-1-person-injured,report,56,PDF page 56,"d a competent fitter to undertake the specific task of removing the piston pin bushes at its workshops in Klaipeda. Despite this, seven of the intact 11 small ends removed from Finlandia Seaways’ engine were found to have notch damage on the internal surfaces of their small end eyes. Three of Botnia Seaways’ small ends had similar damage and three had evidence of localised heat damage. Although the technical investigations did not identify when the damage had"
ev:339fcaeb186a01d1,Marine_Engine_Fault_Data_v1.zip,https://zenodo.org/records/19857425,dataset,,dataset_index.csv:Reference_Data.csv,file_name=Reference_Data.csv; schema_type=reference; nominal_load=reference operating range; header_rows=3; data_rows=25302; columns=70; anomaly_state=none (baseline); notes=Baseline reference-performance file. 70-column schema (no Anomaly State; uses Time/T). Handle separately from scenario files.
ev:390711bc162bb6ce,MAIB_2026_10_Kommandor_Susan_generator_bearing_failure.pdf,https://www.gov.uk/maib-reports/catastrophic-engine-failure-and-subsequent-fire-on-board-the-site-investigation-vessel-kommandor-susan,report,1,PDF page 1,"r Susan suffered a catastrophic failure of a diesel generator engine while conducting sea trials in the Firth of Forth, Scotland. The failure resulted in an engine room fire and a complete power blackout. The crew responded promptly, extinguished the fire and mustered safely. The vessel lost propulsion and began drifting eastwards. Attempts to deploy anchors were unsuccessful because the anchor winches required electrical power t"
ev:3ca79df2a0332a1a,MAIB_2022_04_Wight_Sky_multiple_engine_failures.pdf,https://assets.publishing.service.gov.uk/media/6267cc85e90e071690c1b679/2022-4-WightSky-Report.pdf,report,84,PDF page 84,"igh levels of vibration, and contaminated lubricating oil might all have contributed to the event failure. [2.3.1] 3. Wight Sky’s ME4 failed catastrophically because of an assembly error during build at Volvo Penta’s factory in Sweden. Two of the engine’s matched connecting rod big end bearing caps had been transposed during the engine assembly process. [2.3.2] 4. The transposition of the bearing caps reduced the"
ev:3ee08dc0eebc21a7,Azimuth_Thruster_CBM_Dataset.zip,https://zenodo.org/records/20101612,dataset,,table3_lti_by_fault_type_anonymised.csv:row8,System / engine-family case=CAT C7 shaftline reductor / CAT C7 case B; Fault or condition=Babbitt wear (Pb); Detection/event reference=Vibration alert Month -4.0; oil alert at Month -1.2; Reference class=LTI_oil; LTI / warning (mo)=2.8; Warning (h)=420.0; Recommended CBM action=Oil-confirmed mixed follow-up; 250 h vibration / 250 h oil; Included in mechanical LTI summary=yes
ev:400d60e3617603ce,Marine_Engine_Fault_Data_v1.zip,https://zenodo.org/records/19857425,dataset,,variable_dictionary.csv:Charge Air Press.,full_name=Charge Air Press.; symbol=Pturb; unit=kgf/cm2; dtype=number; in_reference=TRUE; in_scenario_files=TRUE; category=pressure / derived pressure
ev:401af2b35a1b0e89,Marine_Engine_Fault_Data_v1.zip,https://zenodo.org/records/19857425,dataset,,variable_dictionary.csv:Loss in Charge Air IC,full_name=Loss in Charge Air IC; symbol=Qrej_air; unit=kW; dtype=number; in_reference=TRUE; in_scenario_files=TRUE; category=performance / derived
ev:40c03eeb43d8d524,Marine_Engine_Fault_Data_v1.zip,https://zenodo.org/records/19857425,dataset,,variable_dictionary.csv:Other Loss,full_name=Other Loss; symbol=Qother; unit=kW; dtype=number; in_reference=TRUE; in_scenario_files=TRUE; category=performance / derived
ev:4369bc44687256ab,Marine_Engine_Fault_Data_v1.zip,https://zenodo.org/records/19857425,dataset,,dataset_index.csv:AC_Fouling/AC_Fouling_85_Load.csv,"file_name=AC_Fouling/AC_Fouling_85_Load.csv; schema_type=scenario; scenario=Air-cooler fouling; nominal_load=85%; severity_or_program=single load condition; header_rows=3; data_rows=5801; columns=73; anomaly_state=binary (0=pre-anomaly, 1=anomaly); notes=Pre-anomaly and anomaly segments. Compressor Filter Loss (dPf) and Turbine Back Pressure (dPex) not recorded in this run (columns present but empty)."
ev:44f19b4f5b32f488,Azimuth_Thruster_CBM_Dataset.zip,https://zenodo.org/records/20101612,dataset,,table3_lti_by_fault_type_anonymised.csv:row4,System / engine-family case=CAT 3516C coupling EB 1; Fault or condition=Coupling resonance; Detection/event reference=Vibration alert Month -2.0; maintenance event; Reference class=LTI_maintenance; LTI / warning (mo)=2.0; Warning (h)=300.0; Recommended CBM action=Vibration-led CBM; 125 h vibration / 500 h oil; Included in mechanical LTI summary=yes
ev:45a436ad6dfdc32b,Marine_Engine_Fault_Data_v1.zip,https://zenodo.org/records/19857425,dataset,,variable_dictionary.csv:Charge Air IC Cooling Water Temp. In,full_name=Charge Air IC Cooling Water Temp. In; symbol=T16; unit=°C; dtype=number; in_reference=TRUE; in_scenario_files=TRUE; category=temperature
ev:45cb3bc7993a557f,MAIB_2022_04_Wight_Sky_multiple_engine_failures.pdf,https://assets.publishing.service.gov.uk/media/6267cc85e90e071690c1b679/2022-4-WightSky-Report.pdf,report,84,PDF page 84,y’s ME4 failed catastrophically because of an assembly error during build at Volvo Penta’s factory in Sweden. Two of the engine’s matched connecting rod big end bearing caps had been transposed during the engine assembly process. [2.3.2] 4. The transposition of the bearing caps reduced the metal-to-metal contact between surfaces of the connecting rods and their bearing caps. This would have caused fr
ev:471026a1392177a8,MAIB_2021_02_Finlandia_Seaways_connecting_rod_failure.pdf,https://www.gov.uk/maib-reports/engine-failure-and-subsequent-fire-on-ro-ro-cargo-vessel-finlandia-seaways-with-1-person-injured,report,9,PDF page 9,"1 SYNOPSIS At 2003 on 16 April 2018, the Lithuanian registered ro-ro cargo vessel Finlandia Seaways suffered a catastrophic main engine failure that caused serious structural damage to the engine and a fire in the engine room. The vessel’s third engineer, who was on duty in the engine room at the time, suffered serious smoke-related lung, kidney and eye injuries during his escape. Finlandia Seaways was 11nm east of Lowestoft on a re"
ev:4846a9af2b7e6456,MAIB_2022_04_Wight_Sky_multiple_engine_failures.pdf,https://assets.publishing.service.gov.uk/media/6267cc85e90e071690c1b679/2022-4-WightSky-Report.pdf,report,84,PDF page 84,"S 3.1 SAFETY ISSUES DIRECTLY CONTRIBUTING TO THE ACCIDENTS THAT HAVE BEEN ADDRESSED OR RESULTED IN RECOMMENDATIONS 1. Wight Sky’s ME2 failed catastrophically due to a sudden loss of lubricating oil supply to its number five main journal bearing and number four crankpin. [2.3.1] 2. The oilway to the main journal and crankpin was blocked off when the bearing shells turned in their housing. Poor fuel combustion, the presence of silic"
ev:4a59b715e39bd236,Marine_Engine_Fault_Data_v1.zip,https://zenodo.org/records/19857425,dataset,,dataset_index.csv:AC_Fouling/AC_Fouling_40_Load.csv,"file_name=AC_Fouling/AC_Fouling_40_Load.csv; schema_type=scenario; scenario=Air-cooler fouling; nominal_load=40%; severity_or_program=single load condition; header_rows=3; data_rows=4678; columns=73; anomaly_state=binary (0=pre-anomaly, 1=anomaly); notes=Pre-anomaly and anomaly segments."
ev:4e45851ecc9eb9f4,MAIB_2018_01_Windcat8_bearing_failure_fire.pdf,https://assets.publishing.service.gov.uk/government/uploads/system/uploads/attachment_data/file/683922/MAIBInvReport01_2018.pdf,report,1,PDF page 1,"and no injuries. The MAIB investigation identified that the catastrophic damage to Windcat 8’s port main engine was caused by the failure of a piston connecting rod big end shell bearing, which resulted in the connecting rod assembly releasing and penetrating through the engine crankcase. The investigation also identified that: • A high oil temperature alarm prior to the engine failure warranted a more cautious a"
ev:51021f36119ca0d4,Marine_Engine_Fault_Data_v1.zip,https://zenodo.org/records/19857425,dataset,,variable_dictionary.csv:Indicated Work No.2,full_name=Indicated Work No.2; symbol=Wi; unit=J; dtype=number; in_reference=TRUE; in_scenario_files=TRUE; category=performance / derived; note=shorthand label is reused across cylinder-resolved and/or aggregate variables; use the full variable-name row during preprocessing
ev:5124f3b43ff47b3a,MAIB_2022_04_Wight_Sky_multiple_engine_failures.pdf,https://assets.publishing.service.gov.uk/media/6267cc85e90e071690c1b679/2022-4-WightSky-Report.pdf,report,70,PDF page 70,"ymington River. The engine was running at full speed (1800rpm) and was driving the forward VSP unit in parallel with ME1 when its ECU detected a loss of lubricating oil pressure and initiated an engine shutdown. 63 seconds later, the engine’s number four connecting rod and piston assembly was thrown out of the crankcase into the engine room. The engine had accumulated 2241 running hours and had been installed 11 months earlier as a new"
ev:51f2102546185648,Azimuth_Thruster_CBM_Dataset.zip,https://zenodo.org/records/20101612,dataset,,table3_lti_by_fault_type_anonymised.csv:row12,System / engine-family case=CAT 3508B/C thruster reference; Fault or condition=Normal operation; Detection/event reference=Normal vibration and oil condition; N/A; Recommended CBM action=Standard monitoring; 500 h vibration / 500 h oil; Included in mechanical LTI summary=no
ev:5350278460986ec7,Azimuth_Thruster_CBM_Dataset.zip,https://zenodo.org/records/20101612,dataset,,table3_lti_by_fault_type_anonymised.csv:row9,System / engine-family case=CAT 3508B/C engine bearing reference; Fault or condition=Normal wear trend; Detection/event reference=Oil-led; ND (oil-led); Reference class=ND (oil-led); Recommended CBM action=Oil-led CBM; 500 h vibration / 125 h oil; Included in mechanical LTI summary=no
ev:53cb0d46e7e767ec,MAIB_2021_02_Finlandia_Seaways_connecting_rod_failure.pdf,https://www.gov.uk/maib-reports/engine-failure-and-subsequent-fire-on-ro-ro-cargo-vessel-finlandia-seaways-with-1-person-injured,report,9,PDF page 9,"ent and Incident Investigation Division and the engine manufacturer, MAN Diesel and Turbo SE. The investigation identified that a fracture of the connecting rod small end had led to the sudden failure of the main engine. The investigation also found that the method used to replace the connecting rod small end piston pin bearing bushes by the vessel manager’s maintenance support contractor had introduced stress raisers that signficantly increased"
ev:572a54544e373533,Marine_Engine_Fault_Data_v1.zip,https://zenodo.org/records/19857425,dataset,,variable_dictionary.csv:Fuel Oil Temp. Flow meter In,full_name=Fuel Oil Temp. Flow meter In; symbol=T21; unit=°C; dtype=number; in_reference=TRUE; in_scenario_files=TRUE; category=temperature
ev:596b2f398d646f0b,Azimuth_Thruster_CBM_Dataset.zip,https://zenodo.org/records/20101612,dataset,,table3_lti_by_fault_type_anonymised.csv:row1,System / engine-family case=CAT C7 shaftline reductor / CAT C7 case A; Fault or condition=Structural looseness; Detection/event reference=Vibration alert Month -3.5; operational failure/gearbox repair; Reference class=LTI_operational; LTI / warning (mo)=3.5; Warning (h)=525.0; Recommended CBM action=Vibration-only CBM; 125 h vibration interval; Included in mechanical LTI summary=yes
ev:5ae484b55bc9bc82,Marine_Engine_Fault_Data_v1.zip,https://zenodo.org/records/19857425,dataset,,dataset_index.csv:Turbine_Degradation/Turbine_Degradation_85_Load.csv,"file_name=Turbine_Degradation/Turbine_Degradation_85_Load.csv; schema_type=scenario; scenario=Turbine degradation; nominal_load=85%; severity_or_program=single load condition; header_rows=3; data_rows=5289; columns=73; anomaly_state=binary (0=pre-anomaly, 1=anomaly); notes=Pre-anomaly and anomaly segments."
ev:5d3cde311b090a6a,MAIB_2026_06_Spirit_of_Discovery_propulsion_loss.pdf,https://www.gov.uk/maib-reports/loss-of-propulsion-in-heavy-weather-experienced-by-the-passenger-vessel-spirit-of-discovery-leading-to-over-100-injuries-and-one-fatality,report,42,PDF page 42,e rpm of each pod’s propulsion motor very rapidly increased and exceeded the preset overspeed limitation. The pod’s PCS therefore automatically tripped the power to its motor to prevent it being damaged. Spirit of Discovery’s engineers could likely have quickly reset the port and starboard motors and restored the vessel’s propulsion had the propulsion motor overspeed trips been the only issue. However
ev:5e4fab320bfd07ed,Marine_Engine_Fault_Data_v1.zip,https://zenodo.org/records/19857425,dataset,,variable_dictionary.csv:Total Input Energy,full_name=Total Input Energy; symbol=Qtotal; unit=W; dtype=number; in_reference=TRUE; in_scenario_files=TRUE; category=other
ev:5e9210d8dbe9bf48,MAIB_2021_02_Finlandia_Seaways_connecting_rod_failure.pdf,https://www.gov.uk/maib-reports/engine-failure-and-subsequent-fire-on-ro-ro-cargo-vessel-finlandia-seaways-with-1-person-injured,report,9,PDF page 9,"Investigation Division and the engine manufacturer, MAN Diesel and Turbo SE. The investigation identified that a fracture of the connecting rod small end had led to the sudden failure of the main engine. The investigation also found that the method used to replace the connecting rod small end piston pin bearing bushes by the vessel manager’s maintenance support contractor had intr"
ev:5e9ac17b88449c65,MAIB_2026_06_Spirit_of_Discovery_propulsion_loss.pdf,https://www.gov.uk/maib-reports/loss-of-propulsion-in-heavy-weather-experienced-by-the-passenger-vessel-spirit-of-discovery-leading-to-over-100-injuries-and-one-fatality,report,53,PDF page 53,s: ● Created an additional seakeeping and manoeuvring decision support poster and software tool for the Spirit Class vessels that includes propeller exposure in wave heights up to 10.5m.
ev:5f282b514e870587,MAIB_2026_10_Kommandor_Susan_generator_bearing_failure.pdf,https://www.gov.uk/maib-reports/catastrophic-engine-failure-and-subsequent-fire-on-board-the-site-investigation-vessel-kommandor-susan,report,5,PDF page 5,oot cause is failure of connecting rod bearing number five. The excessive wear on the other connecting rod bearings show that the most likely root cause for the bearing failure is weak bonding of the copper layer. Evidence of weak material bonding was found in several bearings (Figure 4). Figure 3: Comparison between genuine OEM (left) and CTP bottom end bearings (right) Image courtesy of Pon Power
ev:5f636d583be533fd,TSRF_main.zip,https://github.com/TS-RF/TSRF,code,,data/Linner-wear.csv,Linner-wear.csv
ev:64a3e1d72c1647d2,Marine_Engine_Fault_Data_v1.zip,https://zenodo.org/records/19857425,dataset,,dataset_index.csv:AF_Clogging/AF_Clogging_60_Load.csv,"file_name=AF_Clogging/AF_Clogging_60_Load.csv; schema_type=scenario; scenario=Air-filter clogging (compressor); nominal_load=60%; severity_or_program=single load condition; header_rows=3; data_rows=6819; columns=73; anomaly_state=binary (0=pre-anomaly, 1=anomaly); notes=Pre-anomaly and anomaly segments."
ev:6a459e615a3b0f50,Marine_Engine_Fault_Data_v1.zip,https://zenodo.org/records/19857425,dataset,,variable_dictionary.csv:Effective Efficiency,full_name=Effective Efficiency; symbol=Efft; unit=%; dtype=number; in_reference=TRUE; in_scenario_files=TRUE; category=performance / derived
ev:70e667f09b8fc0d1,Marine_Engine_Fault_Data_v1.zip,https://zenodo.org/records/19857425,dataset,,dataset_index.csv:AC_Fouling/AC_Fouling_60_Load.csv,"file_name=AC_Fouling/AC_Fouling_60_Load.csv; schema_type=scenario; scenario=Air-cooler fouling; nominal_load=60%; severity_or_program=single load condition; header_rows=3; data_rows=6698; columns=73; anomaly_state=binary (0=pre-anomaly, 1=anomaly); notes=Pre-anomaly and anomaly segments."
ev:72d13ccbc4af64a2,Marine_Engine_Fault_Data_v1.zip,https://zenodo.org/records/19857425,dataset,,variable_dictionary.csv:LO Temp. TCH Out,full_name=LO Temp. TCH Out; symbol=T20; unit=°C; dtype=number; in_reference=TRUE; in_scenario_files=TRUE; category=temperature
ev:740294f08f945134,Marine_Engine_Fault_Data_v1.zip,https://zenodo.org/records/19857425,dataset,,variable_dictionary.csv:Exh.Gas Vol. Flow (From Engine Speed),full_name=Exh.Gas Vol. Flow (From Engine Speed); symbol=qexh; unit=NL/min; dtype=number; in_reference=TRUE; in_scenario_files=TRUE; category=flow / fuel / air
ev:7407bf8cf7722325,MAIB_2018_14_Wight_Sky_engine_bearing_fire.pdf,https://assets.publishing.service.gov.uk/media/5b5217c7ed915d0b81e003df/MAIBInvReport14_2018.pdf,report,14,PDF page 14,"am ensured the safety of the vessel, passengers and crew. • Volvo Penta’s investigation into the engine failure concluded that: ○ Debris in the engine’s oil channels was most probably responsible for initiating the failure. ○ When the shells of main bearing 5 turned, the lubrication supply to big end bearing 4 was blocked, resulting in destructive failure. • Rebuilding the engine in a clean and controlled environment and transferring it complete in"
ev:74d8057daa5c6f01,UCI_Naval_Propulsion_CBM.zip,https://archive.ics.uci.edu/dataset/316/condition%2Bbased%2Bmaintenance%2Bof%2Bnaval%2Bpropulsion%2Bplants,dataset,,README.txt,Frigate gas-turbine propulsion numerical simulator; compressor and turbine decay coefficients
ev:755b4102fd859a55,MAIB_2026_06_Spirit_of_Discovery_propulsion_loss.pdf,https://www.gov.uk/maib-reports/loss-of-propulsion-in-heavy-weather-experienced-by-the-passenger-vessel-spirit-of-discovery-leading-to-over-100-injuries-and-one-fatality,report,42,PDF page 42,"y’s pitching caused the propellers to come out of the water. This caused a sudden reduction in torque on the propulsion motor and led to a very rapid increase in the motors’ rpm. The engine alarm and monitoring system recorded that, immediately before their shutdown, the rpm of each pod’s propulsion motor very rapidly increased and exceeded the preset overspeed limitation. The pod’s PCS therefore automat"
ev:766b43663daf2a75,Marine_Engine_Fault_Data_v1.zip,https://zenodo.org/records/19857425,dataset,,variable_dictionary.csv:Fuel Temp.,full_name=Fuel Temp.; symbol=T18; unit=°C; dtype=number; in_reference=TRUE; in_scenario_files=TRUE; category=temperature
ev:76e4e727d9b7b527,Marine_Engine_Fault_Data_v1.zip,https://zenodo.org/records/19857425,dataset,,variable_dictionary.csv:Fuel Flow,full_name=Fuel Flow; symbol=Qfuel; unit=m3/h; dtype=number; in_reference=TRUE; in_scenario_files=TRUE; category=flow / fuel / air
ev:79a139cd88957e11,Marine_Engine_Fault_Data_v1.zip,https://zenodo.org/records/19857425,dataset,,dataset_index.csv:AC_Fouling/AC_Fouling_75_Load.csv,"file_name=AC_Fouling/AC_Fouling_75_Load.csv; schema_type=scenario; scenario=Air-cooler fouling; nominal_load=75%; severity_or_program=single load condition; header_rows=3; data_rows=6354; columns=73; anomaly_state=binary (0=pre-anomaly, 1=anomaly); notes=Pre-anomaly and anomaly segments."
ev:7d06646b52c25b16,Marine_Engine_Fault_Data_v1.zip,https://zenodo.org/records/19857425,dataset,,dataset_index.csv:Turbine_Degradation/Turbine_Degradation_60_Load.csv,"file_name=Turbine_Degradation/Turbine_Degradation_60_Load.csv; schema_type=scenario; scenario=Turbine degradation; nominal_load=60%; severity_or_program=single load condition; header_rows=3; data_rows=4905; columns=73; anomaly_state=binary (0=pre-anomaly, 1=anomaly); notes=Pre-anomaly and anomaly segments."
ev:808bd8d1dd9e51f9,MAIB_2026_06_Spirit_of_Discovery_propulsion_loss.pdf,https://www.gov.uk/maib-reports/loss-of-propulsion-in-heavy-weather-experienced-by-the-passenger-vessel-spirit-of-discovery-leading-to-over-100-injuries-and-one-fatality,report,53,PDF page 53,e vessel’s heading. ● Increased the SISHIp eSiPODs overspeed activation point following a mechanical evaluation of the systems. ● Improved the position of the SISHIp eSiPODs bilge sensor arrangements. Meyer Werft GmbH has: ● Created an additional seakeeping and manoeuvring decision support poster and software tool for the Spirit Class vessels that includes propeller exposure in wave heights up to 10.5m.
ev:80918215733870aa,Marine_Engine_Fault_Data_v1.zip,https://zenodo.org/records/19857425,dataset,,variable_dictionary.csv:Exh.Gas Power,full_name=Exh.Gas Power; symbol=Qexh2; unit=kW; dtype=number; in_reference=TRUE; in_scenario_files=TRUE; category=other
ev:818a140783772a9b,MAIB_2026_06_Spirit_of_Discovery_propulsion_loss.pdf,https://www.gov.uk/maib-reports/loss-of-propulsion-in-heavy-weather-experienced-by-the-passenger-vessel-spirit-of-discovery-leading-to-over-100-injuries-and-one-fatality,report,43,PDF page 43,"iple this was an entirely sensible precaution to protect the high voltage pod motor from damage. However, the low position of the bilge sensor meant that it could be activated by a relatively small amount of liquid that accumulated within the pod. Since the bilge suction probably did not extend low enough for the automatic bilge pumps to effectively pump the water out,"
ev:84d6807ed9f68df0,Marine_Engine_Fault_Data_v1.zip,https://zenodo.org/records/19857425,dataset,,variable_dictionary.csv:Max. In-Cylinder Press. No.1,full_name=Max. In-Cylinder Press. No.1; symbol=Pmax; unit=MPa; dtype=number; in_reference=TRUE; in_scenario_files=TRUE; category=pressure / derived pressure; note=shorthand label is reused across cylinder-resolved and/or aggregate variables; use the full variable-name row during preprocessing
ev:879c069ed129535a,Marine_Engine_Fault_Data_v1.zip,https://zenodo.org/records/19857425,dataset,,dataset_index.csv:Pump_Cavitation/CW_Pump_Cavitation_60_Load.csv,"file_name=Pump_Cavitation/CW_Pump_Cavitation_60_Load.csv; schema_type=scenario; scenario=Cooling-water pump cavitation; nominal_load=60%; severity_or_program=single load condition; header_rows=3; data_rows=5845; columns=73; anomaly_state=binary (0=pre-anomaly, 1=anomaly); notes=Pre-anomaly and anomaly segments. Compressor Filter Loss (dPf) and Turbine Back Pressure (dPex) not recorded in this run (columns present but empty)."
ev:88f82746a258e58a,Marine_Engine_Fault_Data_v1.zip,https://zenodo.org/records/19857425,dataset,,variable_dictionary.csv:No.3 Exh.Gas Temp.,full_name=No.3 Exh.Gas Temp.; symbol=T3; unit=°C; dtype=number; in_reference=TRUE; in_scenario_files=TRUE; category=temperature
ev:8b5ccc7bfc9235d4,TSRF_main.zip,https://github.com/TS-RF/TSRF,code,,data/Ring-adhesion.csv,Ring-adhesion.csv
ev:8bfe43ad048fac31,Marine_Engine_Fault_Data_v1.zip,https://zenodo.org/records/19857425,dataset,,variable_dictionary.csv:LO Temp. TCH In,full_name=LO Temp. TCH In; symbol=T19; unit=°C; dtype=number; in_reference=TRUE; in_scenario_files=TRUE; category=temperature
ev:8e86a0b79553a259,Azimuth_Thruster_CBM_Dataset.zip,https://zenodo.org/records/20101612,dataset,,table3_lti_by_fault_type_anonymised.csv:row5,System / engine-family case=CAT 3516C damper EB 2; Fault or condition=Mass imbalance; Detection/event reference=Vibration alert Month -1.5; maintenance event; Reference class=LTI_maintenance; LTI / warning (mo)=1.5; Warning (h)=225.0; Recommended CBM action=Vibration-led CBM; 125 h vibration / 500 h oil; Included in mechanical LTI summary=yes
ev:9094aa614ec060db,MAIB_2018_14_Wight_Sky_engine_bearing_fire.pdf,https://assets.publishing.service.gov.uk/media/5b5217c7ed915d0b81e003df/MAIBInvReport14_2018.pdf,report,14,PDF page 14,"ntrolled environment and transferring it complete into the engine room would have reduced the likelihood of debris ingress. • The engine was not fitted with a wear detector, so there was no means of receiving a warning before the engine failed. • The essential services switchboard aft circuit breaker had been left in manual mode, resulting in the loss of power to critical equipment, including the fixed fire-fighting system. ACTION TAKEN Wightli"
ev:90e8ddf3d3b32d65,TSRF_main.zip,https://github.com/TS-RF/TSRF,code,,data/Piston-ablation.csv,Piston-ablation.csv
ev:91f76498fecf4e21,MAIB_2026_06_Spirit_of_Discovery_propulsion_loss.pdf,https://www.gov.uk/maib-reports/loss-of-propulsion-in-heavy-weather-experienced-by-the-passenger-vessel-spirit-of-discovery-leading-to-over-100-injuries-and-one-fatality,report,43,PDF page 43,"cating oil. In principle this was an entirely sensible precaution to protect the high voltage pod motor from damage. However, the low position of the bilge sensor meant that it could be activated by a relatively small amount of liquid that accumulated within the pod. Since the bilge suction probably did not extend low enough for the automatic bilge pumps to effectively pump the water out, it is likely the vessel’s motion in heavy weather caused the small amoun"
ev:921221ff746c010e,MAIB_2018_01_Windcat8_bearing_failure_fire.pdf,https://assets.publishing.service.gov.uk/government/uploads/system/uploads/attachment_data/file/683922/MAIBInvReport01_2018.pdf,report,1,PDF page 1,"to Windcat 8’s port main engine was caused by the failure of a piston connecting rod big end shell bearing, which resulted in the connecting rod assembly releasing and penetrating through the engine crankcase. The investigation also identified that: • A high oil temperature alarm prior to the engine failure warranted a more cautious approach to the use of the engine until a deeper technical investigation could be conducted. • The fire"
ev:9225f4c20470527c,MAIB_2026_10_Kommandor_Susan_generator_bearing_failure.pdf,https://www.gov.uk/maib-reports/catastrophic-engine-failure-and-subsequent-fire-on-board-the-site-investigation-vessel-kommandor-susan,report,9,PDF page 9,"ns taken by other organisations Gardline Shipping Limited has: • Rebuilt DG1 with genuine spares, including a new engine block; • Completed major overhauls of DG2, DG3 and DG4 using genuine Caterpillar parts; • Changed the onboard anchoring procedure, highlighting that clutches must remain disengaged when the winches are not in use to ensure they remain ready for use in the event of power failure. RECOMMENDATIONS In view of the actio"
ev:93774e70cf4f862f,Marine_Engine_Fault_Data_v1.zip,https://zenodo.org/records/19857425,dataset,,variable_dictionary.csv:TCH LO pump Press.,full_name=TCH LO pump Press.; symbol=Pl_loturb; unit=V; dtype=number; in_reference=TRUE; in_scenario_files=TRUE; category=pressure / derived pressure; note=raw voltage signal associated with turbocharger LO pump pressure; not converted to engineering pressure units
ev:942baa3ea69a9e36,Marine_Engine_Fault_Data_v1.zip,https://zenodo.org/records/19857425,dataset,,variable_dictionary.csv:LO Temp. Engine Out,full_name=LO Temp. Engine Out; symbol=T11; unit=°C; dtype=number; in_reference=TRUE; in_scenario_files=TRUE; category=temperature
ev:94520316eda5367c,Marine_Engine_Fault_Data_v1.zip,https://zenodo.org/records/19857425,dataset,,variable_dictionary.csv:Total Effective Work,full_name=Total Effective Work; symbol=We_tot; unit=kW; dtype=number; in_reference=TRUE; in_scenario_files=TRUE; category=performance / derived
ev:9500742595c79664,Marine_Engine_Fault_Data_v1.zip,https://zenodo.org/records/19857425,dataset,,variable_dictionary.csv:Min. In-Cylinder Press. No.2,full_name=Min. In-Cylinder Press. No.2; symbol=Pmin; unit=MPa; dtype=number; in_reference=TRUE; in_scenario_files=TRUE; category=pressure / derived pressure; note=shorthand label is reused across cylinder-resolved and/or aggregate variables; use the full variable-name row during preprocessing
ev:96c615c53d3b0715,MAIB_2026_10_Kommandor_Susan_generator_bearing_failure.pdf,https://www.gov.uk/maib-reports/catastrophic-engine-failure-and-subsequent-fire-on-board-the-site-investigation-vessel-kommandor-susan,report,1,PDF page 1,"ted in an engine room fire and a complete power blackout. The crew responded promptly, extinguished the fire and mustered safely. The vessel lost propulsion and began drifting eastwards. Attempts to deploy anchors were unsuccessful because the anchor winches required electrical power to operate. Kommandor Susan was eventually returned to Leith harbour with limited propulsion restored. The investigation found tha"
ev:99afa4fd2c7cca53,Marine_Engine_Fault_Data_v1.zip,https://zenodo.org/records/19857425,dataset,,variable_dictionary.csv:LO Circulating Pump Press.,full_name=LO Circulating Pump Press.; symbol=Pl_lo; unit=V; dtype=number; in_reference=TRUE; in_scenario_files=TRUE; category=pressure / derived pressure; note=raw voltage signal associated with main LO pump pressure; not converted to engineering pressure units
ev:9adb71d01088504c,Marine_Engine_Fault_Data_v1.zip,https://zenodo.org/records/19857425,dataset,,variable_dictionary.csv:Exh. Gas Mass Flow,full_name=Exh. Gas Mass Flow; symbol=Mexh; unit=kg/s; dtype=number; in_reference=TRUE; in_scenario_files=TRUE; category=flow / fuel / air
ev:9d2abeeb05ea44b5,MAIB_2026_06_Spirit_of_Discovery_propulsion_loss.pdf,https://www.gov.uk/maib-reports/loss-of-propulsion-in-heavy-weather-experienced-by-the-passenger-vessel-spirit-of-discovery-leading-to-over-100-injuries-and-one-fatality,report,42,PDF page 42,"parked at 90° to the vessel’s heading. Given the weather conditions at the time, it is almost certain that Spirit of Discovery’s pitching caused the propellers to come out of the water. This caused a sudden reduction in torque on the propulsion motor and led to a very rapid increase in the motors’ rpm. The engine alarm and monitoring system recorded that, immediately before their shutdown, the rpm of each pod’s"
ev:9d4c4111f91d89e1,Marine_Engine_Fault_Data_v1.zip,https://zenodo.org/records/19857425,dataset,,variable_dictionary.csv:Total Indicated work,full_name=Total Indicated work; symbol=Wi_tot; unit=J; dtype=number; in_reference=TRUE; in_scenario_files=TRUE; category=performance / derived
ev:9de953977942cbdf,Marine_Engine_Fault_Data_v1.zip,https://zenodo.org/records/19857425,dataset,,dataset_index.csv:Turbine_Degradation/Turbine_Degradation_40_Load.csv,"file_name=Turbine_Degradation/Turbine_Degradation_40_Load.csv; schema_type=scenario; scenario=Turbine degradation; nominal_load=40%; severity_or_program=single load condition; header_rows=3; data_rows=6397; columns=73; anomaly_state=binary (0=pre-anomaly, 1=anomaly); notes=Pre-anomaly and anomaly segments."
ev:9f20c51ce9a64e85,Marine_Engine_Fault_Data_v1.zip,https://zenodo.org/records/19857425,dataset,,variable_dictionary.csv:Cooling Water Temp. Engine Out II,full_name=Cooling Water Temp. Engine Out II; symbol=T8; unit=°C; dtype=number; in_reference=TRUE; in_scenario_files=TRUE; category=temperature
ev:9f5f82cce37a3aa9,Azimuth_Thruster_CBM_Dataset.zip,https://zenodo.org/records/20101612,dataset,,table3_lti_by_fault_type_anonymised.csv:row10,System / engine-family case=CAT C7 engine case A EB / CAT C7 shaftline case A; Fault or condition=Fuel dilution; Detection/event reference=Oil-dominant alert at Month -0.3; ND (oil-led); Reference class=ND (oil-led); Recommended CBM action=Oil-led CBM; 500 h vibration / 125 h oil; Included in mechanical LTI summary=no
ev:a14d5a0a3ae37d97,MAIB_2018_01_Windcat8_bearing_failure_fire.pdf,https://assets.publishing.service.gov.uk/government/uploads/system/uploads/attachment_data/file/683922/MAIBInvReport01_2018.pdf,report,11,PDF page 11,"h priority. ACTION TAKEN Windcat Workboats BV Ltd has: • Instructed crews on board vessels fitted with Volvo Penta D16 engines to stop the affected engine when a high oil temperature alarm activates, and not to restart the engine until the reason for the alarm has been determined. • Identified lessons to be learned from the accident and emergency response that will be highlighted in future crew training. • Programmed additio"
ev:a4a51bca0c30f80d,MAIB_2022_04_Wight_Sky_multiple_engine_failures.pdf,https://assets.publishing.service.gov.uk/media/6267cc85e90e071690c1b679/2022-4-WightSky-Report.pdf,report,84,PDF page 84,"f the engine’s matched connecting rod big end bearing caps had been transposed during the engine assembly process. [2.3.2] 4. The transposition of the bearing caps reduced the metal-to-metal contact between surfaces of the connecting rods and their bearing caps. This would have caused fretting wear between the mating faces, which would have led to loosening and rapid failure of the end cap securing bolts. [2.3.2] 5. Four of"
ev:a4e5d5a35775ffd2,Marine_Engine_Fault_Data_v1.zip,https://zenodo.org/records/19857425,dataset,,variable_dictionary.csv:LO Cooling Water Temp. In,full_name=LO Cooling Water Temp. In; symbol=T12; unit=°C; dtype=number; in_reference=TRUE; in_scenario_files=TRUE; category=temperature
ev:a50b62c3875a33d5,TSRF_main.zip,https://github.com/TS-RF/TSRF,code,,data/Ring-wear.csv,Ring-wear.csv
ev:a61057fac0fe1035,MAIB_2026_06_Spirit_of_Discovery_propulsion_loss.pdf,https://www.gov.uk/maib-reports/loss-of-propulsion-in-heavy-weather-experienced-by-the-passenger-vessel-spirit-of-discovery-leading-to-over-100-injuries-and-one-fatality,report,51,PDF page 51,"e vessel. [2.3.1] 3. The loss of control was exacerbated by the initiation of the pod’s water leakage stop sequence, which led to both pods being parked at 90° to the vessel’s heading. This caused the vessel to lose steerage, its bow to swing to port and its motion to become even more severe. [2.3.1] 4. The vessel’s propulsion control system was unable to prevent the loss of propulsion when its movement was wi"
ev:a642586c67899f4c,Marine_Engine_Fault_Data_v1.zip,https://zenodo.org/records/19857425,dataset,,variable_dictionary.csv:Water Brake Weight,full_name=Water Brake Weight; symbol=F; unit=kgf; dtype=number; in_reference=TRUE; in_scenario_files=TRUE; category=operating / load
ev:a67a93bfec361edf,MAIB_2022_04_Wight_Sky_multiple_engine_failures.pdf,https://assets.publishing.service.gov.uk/media/6267cc85e90e071690c1b679/2022-4-WightSky-Report.pdf,report,84,PDF page 84,"y due to a sudden loss of lubricating oil supply to its number five main journal bearing and number four crankpin. [2.3.1] 2. The oilway to the main journal and crankpin was blocked off when the bearing shells turned in their housing. Poor fuel combustion, the presence of silica sand and other abrasive particles embedded in the main bearing shells, engine misalignment, high levels of vibration, and contaminated lubricating oil might all have"
ev:a7fb6cfa2c672a77,Marine_Engine_Fault_Data_v1.zip,https://zenodo.org/records/19857425,dataset,,variable_dictionary.csv:Charge Air IC Air Temp. Out,full_name=Charge Air IC Air Temp. Out; symbol=T15; unit=°C; dtype=number; in_reference=TRUE; in_scenario_files=TRUE; category=temperature
ev:a994c6251dbff16c,Marine_Engine_Fault_Data_v1.zip,https://zenodo.org/records/19857425,dataset,,variable_dictionary.csv:Loss with TCH LO,full_name=Loss with TCH LO; symbol=Qrej_turb; unit=kW; dtype=number; in_reference=TRUE; in_scenario_files=TRUE; category=performance / derived
ev:ab10a0554fdf6901,TSRF_main.zip,https://github.com/TS-RF/TSRF,code,,README.md,Six health states in TSRF data directory; thermodynamic simulation assisted diagnosis
ev:b10bdbaa38429105,MAIB_2018_14_Wight_Sky_engine_bearing_fire.pdf,https://assets.publishing.service.gov.uk/media/5b5217c7ed915d0b81e003df/MAIBInvReport14_2018.pdf,report,14,PDF page 14,"for initiating the failure. ○ When the shells of main bearing 5 turned, the lubrication supply to big end bearing 4 was blocked, resulting in destructive failure. • Rebuilding the engine in a clean and controlled environment and transferring it complete into the engine room would have reduced the likelihood of debris ingress. • The engine was not fitted with a wear detector, so there was"
ev:b2ab413559094e03,MAIB_2021_02_Finlandia_Seaways_connecting_rod_failure.pdf,https://www.gov.uk/maib-reports/engine-failure-and-subsequent-fire-on-ro-ro-cargo-vessel-finlandia-seaways-with-1-person-injured,report,56,PDF page 56,"workshops in Klaipeda. Despite this, seven of the intact 11 small ends removed from Finlandia Seaways’ engine were found to have notch damage on the internal surfaces of their small end eyes. Three of Botnia Seaways’ small ends had similar damage and three had evidence of localised heat damage. Although the technical investigations did not identify when the damage had been done, it was clearly apparent that it had be"
ev:b2c4a9752de11bcb,Marine_Engine_Fault_Data_v1.zip,https://zenodo.org/records/19857425,dataset,,variable_dictionary.csv:Loss with LO,full_name=Loss with LO; symbol=Qrej_lo; unit=kW; dtype=number; in_reference=TRUE; in_scenario_files=TRUE; category=performance / derived
ev:b44d9524e09bf0ac,Marine_Engine_Fault_Data_v1.zip,https://zenodo.org/records/19857425,dataset,,dataset_index.csv,MU323DGSC controlled fault scenarios; see dataset_index.csv
ev:b6540313ab8acd21,MAIB_2026_06_Spirit_of_Discovery_propulsion_loss.pdf,https://www.gov.uk/maib-reports/loss-of-propulsion-in-heavy-weather-experienced-by-the-passenger-vessel-spirit-of-discovery-leading-to-over-100-injuries-and-one-fatality,report,42,PDF page 42,"conditions at the time, it is almost certain that Spirit of Discovery’s pitching caused the propellers to come out of the water. This caused a sudden reduction in torque on the propulsion motor and led to a very rapid increase in the motors’ rpm. The engine alarm and monitoring system recorded that, immediately before their shutdown, the rpm of each pod’s propulsion motor very rapidly increased and exceeded the preset o"
ev:b935264465ef205c,Azimuth_Thruster_CBM_Dataset.zip,https://zenodo.org/records/20101612,dataset,,table3_lti_by_fault_type_anonymised.csv:row7,System / engine-family case=CAT 3516C intermediate bearing EB 4; Fault or condition=Unconfirmed bearing-related warning; Detection/event reference=Vibration alert Month -2.0; maintenance event; Reference class=LTI_maintenance; LTI / warning (mo)=2.0; Warning (h)=300.0; Recommended CBM action=Vibration-only CBM; 125 h vibration interval; Included in mechanical LTI summary=yes
ev:bb4c3f647e81f1d2,Marine_Engine_Fault_Data_v1.zip,https://zenodo.org/records/19857425,dataset,,variable_dictionary.csv:Engine Speed,full_name=Engine Speed; symbol=N; unit=rpm; dtype=number; in_reference=TRUE; in_scenario_files=TRUE; category=operating / load
ev:bcc74e57d3088cc6,MAIB_2026_06_Spirit_of_Discovery_propulsion_loss.pdf,https://www.gov.uk/maib-reports/loss-of-propulsion-in-heavy-weather-experienced-by-the-passenger-vessel-spirit-of-discovery-leading-to-over-100-injuries-and-one-fatality,report,42,PDF page 42,"eed trips been the only issue. However, with the WLS sequence request active on both pods, when the propulsion motors tripped the pods automatically parked at 90° to Spirit of Discovery‘s heading and the vessel quickly lost speed and steerage. This left the bridge team doing their best to control the vessel’s heading using its bow thrusters. As a result, Spirit of Discovery’s bow was quick"
ev:c217155b6979c5d2,Marine_Engine_Fault_Data_v1.zip,https://zenodo.org/records/19857425,dataset,,variable_dictionary.csv:Engine room Temp.,full_name=Engine room Temp.; symbol=T22; unit=°C; dtype=number; in_reference=TRUE; in_scenario_files=TRUE; category=temperature
ev:c2745665875d9964,MAIB_2018_14_Wight_Sky_engine_bearing_fire.pdf,https://assets.publishing.service.gov.uk/media/5b5217c7ed915d0b81e003df/MAIBInvReport14_2018.pdf,report,14,PDF page 14,"the shells of main bearing 5 turned, the lubrication supply to big end bearing 4 was blocked, resulting in destructive failure. • Rebuilding the engine in a clean and controlled environment and transferring it complete into the engine room would have reduced the likelihood of debris ingress. • The engine was not fitted with a wear detector, so there was no means of receiving a warning before the engine failed. • The"
ev:c31d55ce6b8d61c0,Marine_Engine_Fault_Data_v1.zip,https://zenodo.org/records/19857425,dataset,,variable_dictionary.csv:Fresh Cooling Water Press.,full_name=Fresh Cooling Water Press.; symbol=Pl_water1; unit=V; dtype=number; in_reference=TRUE; in_scenario_files=TRUE; category=pressure / derived pressure; note=raw voltage signal associated with HT cooling-water pump pressure; not converted to engineering pressure units
ev:c3429f0fc22579e1,MAIB_2026_06_Spirit_of_Discovery_propulsion_loss.pdf,https://www.gov.uk/maib-reports/loss-of-propulsion-in-heavy-weather-experienced-by-the-passenger-vessel-spirit-of-discovery-leading-to-over-100-injuries-and-one-fatality,report,42,PDF page 42,"e vessel’s heading. Given the weather conditions at the time, it is almost certain that Spirit of Discovery’s pitching caused the propellers to come out of the water. This caused a sudden reduction in torque on the propulsion motor and led to a very rapid increase in the motors’ rpm. The engine alarm and monitoring system recorded that, immediately before their shutdown, the rpm of each pod’s"
ev:c4dfa47c81f2ebb5,MAIB_2021_02_Finlandia_Seaways_connecting_rod_failure.pdf,https://www.gov.uk/maib-reports/engine-failure-and-subsequent-fire-on-ro-ro-cargo-vessel-finlandia-seaways-with-1-person-injured,report,56,PDF page 56,"48 recommended procedures for overhauling the connecting rod small ends had not been followed, and the small ends had been damaged during the piston pin bush removal and fitting process. The extent of the damage was clearly visible to the naked eye but was either not identified during the engine/component overhauls or was"
ev:c74257f47f29e86a,MAIB_2022_04_Wight_Sky_multiple_engine_failures.pdf,https://assets.publishing.service.gov.uk/media/6267cc85e90e071690c1b679/2022-4-WightSky-Report.pdf,report,72,PDF page 72,"ble to determine why the technician made such a basic error. However, the engine manufacturer’s investigation identified that the serial numbers on the connecting rods and caps were not routinely checked to ensure that they matched following assembly. To mitigate the risk of similar errors, Volvo Penta introduced an improved method of identifying and matching the connecting rods into its production process. 2.4 OTHER WIGHT CLASS"
ev:c7e7236b07b0d8d2,MAIB_2026_06_Spirit_of_Discovery_propulsion_loss.pdf,https://www.gov.uk/maib-reports/loss-of-propulsion-in-heavy-weather-experienced-by-the-passenger-vessel-spirit-of-discovery-leading-to-over-100-injuries-and-one-fatality,report,53,PDF page 53,obal GmbH & Co. KG has: ● Updated the SISHIp eSiPods software and corrected the operators’ manual. ● Updated the PCS to include a revised WLS sequence activation that allows the crew to intervene and prevent the SISHIp eSiPODs parking at 90° to the vessel’s heading. ● Increased the SISHIp eSiPODs overspeed activation point following a mechanical evaluation of the systems. ● Improved the position of the SISHIp eSiPODs bilg
ev:c9d838c8d843eeee,Marine_Engine_Fault_Data_v1.zip,https://zenodo.org/records/19857425,dataset,,variable_dictionary.csv:Shaft Power,full_name=Shaft Power; symbol=Ws; unit=kW; dtype=number; in_reference=TRUE; in_scenario_files=TRUE; category=other
ev:caaf8005d66a8fbb,MAIB_2018_01_Windcat8_bearing_failure_fire.pdf,https://assets.publishing.service.gov.uk/government/uploads/system/uploads/attachment_data/file/683922/MAIBInvReport01_2018.pdf,report,1,PDF page 1,in the connecting rod assembly releasing and penetrating through the engine crankcase. The investigation also identified that: • A high oil temperature alarm prior to the engine failure warranted a more cautious approach to the use of the engine until a deeper technical investigation could be conducted. • The fire resulted from the ignition of oil vapour released from the damaged crankcase and did not spread bey
ev:cb384ca96e3f30da,Marine_Engine_Fault_Data_v1.zip,https://zenodo.org/records/19857425,dataset,,variable_dictionary.csv:Charge Air IC Air Temp. In,full_name=Charge Air IC Air Temp. In; symbol=T14; unit=°C; dtype=number; in_reference=TRUE; in_scenario_files=TRUE; category=temperature
ev:cc6982ba7e64d2a0,Marine_Engine_Fault_Data_v1.zip,https://zenodo.org/records/19857425,dataset,,variable_dictionary.csv:Effective Work No.3,full_name=Effective Work No.3; symbol=We; unit=kW; dtype=number; in_reference=TRUE; in_scenario_files=TRUE; category=performance / derived; note=shorthand label is reused across cylinder-resolved and/or aggregate variables; use the full variable-name row during preprocessing
ev:ce3d007f69985f9f,Marine_Engine_Fault_Data_v1.zip,https://zenodo.org/records/19857425,dataset,,variable_dictionary.csv:Cooling Water Temp. Engine Out I,full_name=Cooling Water Temp. Engine Out I; symbol=T7; unit=°C; dtype=number; in_reference=TRUE; in_scenario_files=TRUE; category=temperature
ev:cebfc2d1ae68389d,MAIB_2026_10_Kommandor_Susan_generator_bearing_failure.pdf,https://www.gov.uk/maib-reports/catastrophic-engine-failure-and-subsequent-fire-on-board-the-site-investigation-vessel-kommandor-susan,report,5,PDF page 5,lts break by overload and connecting rod cap number six comes off. Pon Power’s report concluded that: With the facts gathered the most likely root cause is failure of connecting rod bearing number five. The excessive wear on the other connecting rod bearings show that the most likely root cause for the bearing failure is weak bonding of the copper layer. Evidence of weak material bonding was found in several bearings (Figure 4)
ev:cf454850540d2ce6,MAIB_2022_04_Wight_Sky_multiple_engine_failures.pdf,https://assets.publishing.service.gov.uk/media/6267cc85e90e071690c1b679/2022-4-WightSky-Report.pdf,report,85,PDF page 85,"driving one VSP unit in parallel, because of the time it took the fluid couplings to declutch the shutdown engine. [2.8] 16. The inability to immediately declutch and therefore stop an engine when a shutdown signal was given significantly increased the severity of engine damage and the likelihood of explosions and fires. [2.8] 17. The long history of cavitation erosion and cylinder liner and engine block seal failures"
ev:cf549f4c47fda6b2,Marine_Engine_Fault_Data_v1.zip,https://zenodo.org/records/19857425,dataset,,variable_dictionary.csv:Indicated Efficiency,full_name=Indicated Efficiency; symbol=Effi; unit=%; dtype=number; in_reference=TRUE; in_scenario_files=TRUE; category=performance / derived
ev:d03c38ea8ee2eea4,Marine_Engine_Fault_Data_v1.zip,https://zenodo.org/records/19857425,dataset,,variable_dictionary.csv:Effective Work No.1,full_name=Effective Work No.1; symbol=We; unit=kW; dtype=number; in_reference=TRUE; in_scenario_files=TRUE; category=performance / derived; note=shorthand label is reused across cylinder-resolved and/or aggregate variables; use the full variable-name row during preprocessing
ev:d2ddab6cf68a9801,MAIB_2018_14_Wight_Sky_engine_bearing_fire.pdf,https://assets.publishing.service.gov.uk/media/5b5217c7ed915d0b81e003df/MAIBInvReport14_2018.pdf,report,14,PDF page 14,"s. • The engine was not fitted with a wear detector, so there was no means of receiving a warning before the engine failed. • The essential services switchboard aft circuit breaker had been left in manual mode, resulting in the loss of power to critical equipment, including the fixed fire-fighting system. ACTION TAKEN Wightlink Limited has: • Agreed with RKM that all engines will be fully assembled and load-tested prior to delivery on"
ev:d4f6a624b9bf3bf5,Marine_Engine_Fault_Data_v1.zip,https://zenodo.org/records/19857425,dataset,,variable_dictionary.csv:TCH Power,full_name=TCH Power; symbol=Qturb; unit=kW; dtype=number; in_reference=TRUE; in_scenario_files=TRUE; category=other
ev:d61287b84a7d06e2,Azimuth_Thruster_CBM_Dataset.zip,https://zenodo.org/records/20101612,dataset,,table3_lti_by_fault_type_anonymised.csv:row11,System / engine-family case=CAT C7 engine case A BB / CAT C7 shaftline case A; Fault or condition=Additive depletion; Detection/event reference=Oil-led alert at Month -1.0; ND (oil-led); Reference class=ND (oil-led); Recommended CBM action=Oil-led CBM; 500 h vibration / 125 h oil; Included in mechanical LTI summary=no
ev:d8028bdc4d93a0c8,MAIB_2022_04_Wight_Sky_multiple_engine_failures.pdf,https://assets.publishing.service.gov.uk/media/6267cc85e90e071690c1b679/2022-4-WightSky-Report.pdf,report,84,PDF page 84,"Opportunities to identify and diagnose engine problems early, and therefore avoid catastrophic failures, were missed because the condition of the engine lubricating oil and coolant was not closely monitored. [2.6.2] [2.6.3] 9. Some aspects of the maintenance work carried out by RKM did not meet the standards set by Volvo Penta and those expected by Wightlink. Assembly errors had been made during overhauls, basic levels of workshop c"
ev:dbf929510c13652e,Marine_Engine_Fault_Data_v1.zip,https://zenodo.org/records/19857425,dataset,,variable_dictionary.csv:LO Temp. Engine In,full_name=LO Temp. Engine In; symbol=T10; unit=°C; dtype=number; in_reference=TRUE; in_scenario_files=TRUE; category=temperature
ev:dcba2393344bd01c,MAIB_2018_14_Wight_Sky_engine_bearing_fire.pdf,https://assets.publishing.service.gov.uk/media/5b5217c7ed915d0b81e003df/MAIBInvReport14_2018.pdf,report,14,PDF page 14,"e engine’s oil channels was most probably responsible for initiating the failure. ○ When the shells of main bearing 5 turned, the lubrication supply to big end bearing 4 was blocked, resulting in destructive failure. • Rebuilding the engine in a clean and controlled environment and transferring it complete into the engine room would have reduced the likelihood of debris ingress. • The engine was not fitted w"
ev:dec41aa5e554ca31,Marine_Engine_Fault_Data_v1.zip,https://zenodo.org/records/19857425,dataset,,variable_dictionary.csv:Fuel Injector Cooling Oil Press.,full_name=Fuel Injector Cooling Oil Press.; symbol=Pl_valve; unit=V; dtype=number; in_reference=TRUE; in_scenario_files=TRUE; category=pressure / derived pressure
ev:e2523ed63e0b4019,MAIB_2026_06_Spirit_of_Discovery_propulsion_loss.pdf,https://www.gov.uk/maib-reports/loss-of-propulsion-in-heavy-weather-experienced-by-the-passenger-vessel-spirit-of-discovery-leading-to-over-100-injuries-and-one-fatality,report,42,PDF page 42,"at Spirit of Discovery’s pitching caused the propellers to come out of the water. This caused a sudden reduction in torque on the propulsion motor and led to a very rapid increase in the motors’ rpm. The engine alarm and monitoring system recorded that, immediately before their shutdown, the rpm of each pod’s propulsion motor very rapidly increased and exceeded the preset o"
ev:e32631e4946436ab,MAIB_2026_10_Kommandor_Susan_generator_bearing_failure.pdf,https://www.gov.uk/maib-reports/catastrophic-engine-failure-and-subsequent-fire-on-board-the-site-investigation-vessel-kommandor-susan,report,5,PDF page 5,rod cap number six comes off. Pon Power’s report concluded that: With the facts gathered the most likely root cause is failure of connecting rod bearing number five. The excessive wear on the other connecting rod bearings show that the most likely root cause for the bearing failure is weak bonding of the copper layer. Evidence of weak material bonding was found in several bearings (Figure 4)
ev:e404f4ecf4526f44,Marine_Engine_Fault_Data_v1.zip,https://zenodo.org/records/19857425,dataset,,variable_dictionary.csv:Engine Cooling water flow,full_name=Engine Cooling water flow; symbol=Qw_eng; unit=m3/h; dtype=number; in_reference=TRUE; in_scenario_files=TRUE; category=flow / fuel / air
ev:e678a8a1bb3f1aec,MAIB_2018_01_Windcat8_bearing_failure_fire.pdf,https://assets.publishing.service.gov.uk/government/uploads/system/uploads/attachment_data/file/683922/MAIBInvReport01_2018.pdf,report,11,PDF page 11,ire resulted from the ignition of oil vapour released from the damaged crankcase and did not spread beyond the port engine. • The fixed fire-fighting system was rendered ineffective because not all the port engine space vents were closed prior to its release. • The safety of the embarked technicians was given a high priority. ACTION TAKEN Windcat Workboats BV Ltd has: • Instructed crews on board vessels fitted with Volvo Penta D16 engines to stop the affected eng
ev:e6812da5eb9545f3,Marine_Engine_Fault_Data_v1.zip,https://zenodo.org/records/19857425,dataset,,variable_dictionary.csv:Max. In-Cylinder Press. No.2,full_name=Max. In-Cylinder Press. No.2; symbol=Pmax; unit=MPa; dtype=number; in_reference=TRUE; in_scenario_files=TRUE; category=pressure / derived pressure; note=shorthand label is reused across cylinder-resolved and/or aggregate variables; use the full variable-name row during preprocessing
ev:e79a186ddb29e3e0,Marine_Engine_Fault_Data_v1.zip,https://zenodo.org/records/19857425,dataset,,variable_dictionary.csv:Compressor Filter Loss,"full_name=Compressor Filter Loss; symbol=dPf; unit=Pa; dtype=number; in_reference=TRUE; in_scenario_files=TRUE; category=pressure / derived pressure; note=Present in all scenario files for schema uniformity; recorded values in 10 of 15 scenario files. Empty (not recorded) in: AC_Fouling_85_Load.csv, Clogged_Injector_Nozzle1_40_60_85_Load.csv, Clogged_Injector_Nozzle2_LoadProgram.csv, CW_Pump_Cavitation_60_Load.csv, CW_Pump_Cavitation_85_Load.csv."
ev:e83aa95b02c47022,Marine_Engine_Fault_Data_v1.zip,https://zenodo.org/records/19857425,dataset,,variable_dictionary.csv:Max. In-Cylinder Press. No.3,full_name=Max. In-Cylinder Press. No.3; symbol=Pmax; unit=MPa; dtype=number; in_reference=TRUE; in_scenario_files=TRUE; category=pressure / derived pressure; note=shorthand label is reused across cylinder-resolved and/or aggregate variables; use the full variable-name row during preprocessing
ev:e8941bdb9ca9e23d,Marine_Engine_Fault_Data_v1.zip,https://zenodo.org/records/19857425,dataset,,variable_dictionary.csv:Exh.Gas Total Power,full_name=Exh.Gas Total Power; symbol=Qexh1; unit=kW; dtype=number; in_reference=TRUE; in_scenario_files=TRUE; category=other
ev:eb8d9ba0db21fede,MAIB_2021_02_Finlandia_Seaways_connecting_rod_failure.pdf,https://www.gov.uk/maib-reports/engine-failure-and-subsequent-fire-on-ro-ro-cargo-vessel-finlandia-seaways-with-1-person-injured,report,9,PDF page 9,"ent and Incident Investigation Division and the engine manufacturer, MAN Diesel and Turbo SE. The investigation identified that a fracture of the connecting rod small end had led to the sudden failure of the main engine. The investigation also found that the method used to replace the connecting rod small end piston pin bearing bushes by the vessel manager’s maintenance support contractor had intr"
ev:ed4a18d326cb49be,MAIB_2021_02_Finlandia_Seaways_connecting_rod_failure.pdf,https://www.gov.uk/maib-reports/engine-failure-and-subsequent-fire-on-ro-ro-cargo-vessel-finlandia-seaways-with-1-person-injured,report,9,PDF page 9,used to replace the connecting rod small end piston pin bearing bushes by the vessel manager’s maintenance support contractor had introduced stress raisers that signficantly increased the likelihood of crack initiation and fatigue failure. Other factors that contributed to the engine failure included: standards of maintenance management; lack of appreciation of the importance of following the engine manufacturer’s instructions for the removal and refitting of the
ev:f03b684739fae393,Marine_Engine_Fault_Data_v1.zip,https://zenodo.org/records/19857425,dataset,,variable_dictionary.csv:Indicated Work No.1,full_name=Indicated Work No.1; symbol=Wi; unit=J; dtype=number; in_reference=TRUE; in_scenario_files=TRUE; category=performance / derived; note=shorthand label is reused across cylinder-resolved and/or aggregate variables; use the full variable-name row during preprocessing
ev:f04d1f439a274c32,Marine_Engine_Fault_Data_v1.zip,https://zenodo.org/records/19857425,dataset,,variable_dictionary.csv:Indicated Work No.3,full_name=Indicated Work No.3; symbol=Wi; unit=J; dtype=number; in_reference=TRUE; in_scenario_files=TRUE; category=performance / derived; note=shorthand label is reused across cylinder-resolved and/or aggregate variables; use the full variable-name row during preprocessing
ev:f55562c55772b4c1,MAIB_2018_01_Windcat8_bearing_failure_fire.pdf,https://assets.publishing.service.gov.uk/government/uploads/system/uploads/attachment_data/file/683922/MAIBInvReport01_2018.pdf,report,11,PDF page 11,lure warranted a more cautious approach to the use of the engine until a deeper technical investigation could be conducted. • The fire resulted from the ignition of oil vapour released from the damaged crankcase and did not spread beyond the port engine. • The fixed fire-fighting system was rendered ineffective because not all the port engine space vents were closed prior to its release. • The safety of the embarked technicians was given
ev:f586cbe874297cd1,MAIB_2022_04_Wight_Sky_multiple_engine_failures.pdf,https://assets.publishing.service.gov.uk/media/6267cc85e90e071690c1b679/2022-4-WightSky-Report.pdf,report,84,PDF page 84,"main journal and crankpin was blocked off when the bearing shells turned in their housing. Poor fuel combustion, the presence of silica sand and other abrasive particles embedded in the main bearing shells, engine misalignment, high levels of vibration, and contaminated lubricating oil might all have contributed to the event failure. [2.3.1] 3. Wight Sky’s ME4 failed catastrophically because of an assembly error during build at Vol"
ev:f5da26689774f64c,Marine_Engine_Fault_Data_v1.zip,https://zenodo.org/records/19857425,dataset,,variable_dictionary.csv:Loss with cooling water,full_name=Loss with cooling water; symbol=Qrej_eng; unit=kW; dtype=number; in_reference=TRUE; in_scenario_files=TRUE; category=performance / derived
ev:f6bc70bef0a65cb3,Marine_Engine_Fault_Data_v1.zip,https://zenodo.org/records/19857425,dataset,,dataset_index.csv:AF_Clogging/AF_Clogging_75_Load.csv,"file_name=AF_Clogging/AF_Clogging_75_Load.csv; schema_type=scenario; scenario=Air-filter clogging (compressor); nominal_load=75%; severity_or_program=single load condition; header_rows=3; data_rows=5918; columns=73; anomaly_state=binary (0=pre-anomaly, 1=anomaly); notes=Pre-anomaly and anomaly segments."
ev:f6d35a82c4676820,Marine_Engine_Fault_Data_v1.zip,https://zenodo.org/records/19857425,dataset,,variable_dictionary.csv:Exh.Gas Temp. Turbine In,full_name=Exh.Gas Temp. Turbine In; symbol=T4; unit=°C; dtype=number; in_reference=TRUE; in_scenario_files=TRUE; category=temperature
ev:fab039e22fe38b80,Marine_Engine_Fault_Data_v1.zip,https://zenodo.org/records/19857425,dataset,,variable_dictionary.csv:Charge Air IC Cooling Water Temp. Out,full_name=Charge Air IC Cooling Water Temp. Out; symbol=T17; unit=°C; dtype=number; in_reference=TRUE; in_scenario_files=TRUE; category=temperature
ev:faf8d804f595ba6d,Marine_Engine_Fault_Data_v1.zip,https://zenodo.org/records/19857425,dataset,,variable_dictionary.csv:Min. In-Cylinder Press. No.3,full_name=Min. In-Cylinder Press. No.3; symbol=Pmin; unit=MPa; dtype=number; in_reference=TRUE; in_scenario_files=TRUE; category=pressure / derived pressure; note=shorthand label is reused across cylinder-resolved and/or aggregate variables; use the full variable-name row during preprocessing
ev:fdaddc4825b4b458,Marine_Engine_Fault_Data_v1.zip,https://zenodo.org/records/19857425,dataset,,variable_dictionary.csv:No.2 Exh.Gas Temp.,full_name=No.2 Exh.Gas Temp.; symbol=T2; unit=°C; dtype=number; in_reference=TRUE; in_scenario_files=TRUE; category=temperature
ev:feb3c28c6560bd03,MAIB_2018_14_Wight_Sky_engine_bearing_fire.pdf,https://assets.publishing.service.gov.uk/media/5b5217c7ed915d0b81e003df/MAIBInvReport14_2018.pdf,report,1,PDF page 1,"t 2133 on 12 September 2017, while approaching Yarmouth, Isle of Wight, the ro-ro passenger ferry Wight Sky (Figure 1) suffered a catastrophic failure of one of its main propulsion engines, followed by a fire. The fire was brought under control in less than 2 minutes, but the vessel’s engineer, who had been standing near the engine, suffered serious burn injuries to his hands and face. Although he was discharged from hospital 7 days l"
ev:ff3253f5416e42be,MAIB_2018_01_Windcat8_bearing_failure_fire.pdf,https://assets.publishing.service.gov.uk/government/uploads/system/uploads/attachment_data/file/683922/MAIBInvReport01_2018.pdf,report,1,PDF page 1,"es. The MAIB investigation identified that the catastrophic damage to Windcat 8’s port main engine was caused by the failure of a piston connecting rod big end shell bearing, which resulted in the connecting rod assembly releasing and penetrating through the engine crankcase. The investigation also identified that: • A high oil temperature alarm prior to the engine failure warranted a more cautious a"
