file,sha256
CITATION.cff,7fdc664d3a5676bc3a0f27626bbf661048ae1f8ecf04488bba8578349ef90e2a
DATA_AVAILABILITY_STATEMENT.txt,0fcda2e8fb9dd1bd9301143fde5d06db76d1921ea57c29c4554fb908d2c1104f
README.md,503514f6b9824284e00bcbee9a7bd3296195d94cfe758401f823001d6699cc28
README_es.md,f91d1f076efa61955b6c164343e850833a19d295d9fffcb9706febabf9604baf
code/generate_zone_cost_plot.py,6cf968fa9fee28a22c9935f15e388424a4a48a67e822640f73000695bb10c3ab
code/requirements.txt,d7567dc491cf901344b0571f80de7c057215ab20ff119f7ce07c2648189d0a0e
code/summarise_dataset.py,97122f4bf96cd781ccea69bf7598107d38f4a77fdf992715f852dcfa72783f33
data/case_level_metadata_and_sss_examples.csv,b3e8c42a251814ef47cd09f7f68221590bb16f773a3c497d5d7cb9ba97509f3f
data/measurement_counts.csv,afa20def053ea869427864caa352a9a0391e7c95d6d306eb2ce3954e2c8357a5
data/representative_fft_features_anonymised.csv,4137e6d15dde80173ceb9404fddcbb4cd51b7f55939d45d8f61b6ee263212622
data/sss_formula_parameters.csv,99b6b9cdbe0d6279268a4818a2867aca8d2888cd4b6bcebc684f2f651621f08c
data/sss_ht_regression_summary.csv,732428f1696e13b6ebedbd24507c430b8cebb7f2e49dc9c64b1b880ecdeb7ef4
data/table1_propulsion_architecture_anonymised.csv,b2ee0cd575245adf070023ac8c3db1a609d22da91d639e9baf2010f3e0394865
data/table2_oil_cross_validation_anonymised.csv,8b85664bd7cf551979d85f3463db7bf49405235d660bd96bbfb1dbd44651c76b
data/table3_lti_by_fault_type_anonymised.csv,844cbb18ff9be0072d20c14062f1b370541122ee9d33b7b287d48047e6e71c2d
data/table4A_sensitivity_checks.csv,f76e213a6d3cc344d0832e6424ece6b658fc708df7fadf9c66ac02a28005b387
data/table4_diagnostic_zones_economics.csv,1646bdb168396cf061a4313dca99aeae1435c36404794a2a45499d8a9e84ee19
figures/Figure_1_IM_CBM_Framework.pdf,d18cb1ac4bb9d259997822b03bfa309187c5cbcfceff285e196f1bd24396178f
figures/Figure_1_IM_CBM_Framework.png,49e453e5e5fceaf436a155438e40db86896600ee0b650d6c8f195718edf3e2a6
figures/Figure_1_IM_CBM_Framework.tif,7d335349834638ae96f33bb1cc4fe7b912846f66c452457eb0c670da343a2ac7
figures/Figure_2_SSS_Heatmap.pdf,c075673a9409172343a0497f3db44bdb8860332e3ce74dc0f35a22bebc7bf6c1
figures/Figure_2_SSS_Heatmap.png,052a2d78f8ff607e32120d02776502b498108721f8d93876f3bf9743b9884bdf
figures/Figure_2_SSS_Heatmap.tif,34dc29a830e84673f5eac6994255af88256594b9e5cf6bf0e90b0be6dbd01ed3
figures/Figure_3_Representative_FFT_Spectra.pdf,43a31e720a3f4881a8bdd8e140d3030837a2df6742b72192224075ea3fb0c2c0
figures/Figure_3_Representative_FFT_Spectra.png,767a4e3aaa937623087aa6abf5b07c835011c8d4a302777aca5f345602a1ce27
figures/Figure_3_Representative_FFT_Spectra.tif,0ddcbee9afc1f36cc592f541350b4803dc2c546e9862dc804ee8c6c93aa3fdb1
figures/Figure_4_Harmonic_Order_Analysis.pdf,ace836409b24e644cceefdc49a944f0058b49a4a62cbe4b6296e01825339b1cb
figures/Figure_4_Harmonic_Order_Analysis.png,8ef7d0a1f99a15951f4154100ea6dd5b39447d91c23df499e546dc31ffc4b42a
figures/Figure_4_Harmonic_Order_Analysis.tif,b75f3ff059075f7254676f9de43eef0c74eeb80822dd5ebfe332c4cb80ff5b72
figures/Figure_5_Lead_Time_Analysis.pdf,2cbc7544513f608826ae8a6285936701bc797eb65735fc06c5baa3067c7f1f8f
figures/Figure_5_Lead_Time_Analysis.png,a26abd0476fc80227dae38d5cd847514d8db6acec6a87ebc0557cc2215f452a2
figures/Figure_5_Lead_Time_Analysis.tif,929f45dca3bc0a8b7b5b5f626123c8516f51ac17e17da65f94419eb4ea518f9a
figures/Figure_6_SSS_vs_Unavailability.pdf,5b4b256e06c1542cd7743d759ed4d174dd19739972f387ac572f9a723099fea1
figures/Figure_6_SSS_vs_Unavailability.png,7a9e9c6b004c71fd241571c90b0718b9fc8889fe8d967821331cb0a69f7aea8d
figures/Figure_6_SSS_vs_Unavailability.tif,ca97b919f37682634bc46179ef0f49932fce6420f05191b2d3e08068e9dddeae
figures/Figure_7_Diagnostic_Matrix_and_Economic_Screening.pdf,9fe09b624a9418a8ac9a15e1f204fc387e0c3db19492918c8cb7c10d0717289b
figures/Figure_7_Diagnostic_Matrix_and_Economic_Screening.png,9fe4bf491491b073717d775dd4184bf88b17a2864ddbb0e2b32352b42fe6d351
figures/Figure_7_Diagnostic_Matrix_and_Economic_Screening.tif,b743afd7261086823304223af528e87cb2fc70e227cf59336ee5c162d625b57f
figures/Graphical_Abstract_Key_Findings.pdf,77515f94d6936a96a3e479211e73ea5e9a79b6ebbdee57fd6b03b44149e3b61a
figures/Graphical_Abstract_Key_Findings.png,b6e7ee708f2e873e8d5bac127f343bb4cd1fbc9a86e9a3f83fd9e361aae4dd6e
figures/Graphical_Abstract_Key_Findings.tif,626009482690975f649f6fbd3396c93ada72da74a427fcdc78562182323950c9
licenses/LICENSE_CODE_MIT.txt,547a606e110320beed94c320e40f2708ba4cf56a082c211b06fa309421fba77c
licenses/LICENSE_DATA_CC_BY_4_0.txt,d65fbc6b85ade8c59eda9c24f8cf10fe8d9cfff0d8e648dcc14f0db2e66cd83a
metadata/Zenodo_DOI_note.txt,531b377dd4a16268911a3594ed417cfebd2323a6b85a62c0501873d5851c4863
metadata/data_dictionary.csv,eb59aef0882d1f050f40a7a9d695e1f10ba2ed8f34b573e0d79561421b349266
metadata/figure_manifest.csv,299cffc494e29e255d522854c78e36765ea4ca6fabfb42041642284417ba9fbc
metadata/upload_form_values_for_zenodo.txt,e0cdf959354679ad9ef8cbaad5cdaba5c010790dbdbd700ad7e318a5c4d4df25
metadata/zenodo_metadata_template.json,3f25d8437e158a667b761297915bfa88fb6b3202b05c65cb9a5ff626f9453b36
restricted_raw_fft_note/README_raw_fft_restrictions.md,6279d8c827c6d8ae6d4c38db51ac5be93ab3c956887c21645ca94d9d8f3add53
